MACD Bullish Crossover,Death Cross (SMA 50 < SMA 200),Golden Cross (SMA 50 > SMA 200),MACD Bearish Crossover,Oversold (RSI < 30),Overbought (RSI > 70)
20MICRONS.NS,20MICRONS.NS,,,,
21STCENMGM.NS,21STCENMGM.NS,,,,
360ONE.NS,,360ONE.NS,,,
,3IINFOLTD.NS,,3IINFOLTD.NS,,
3MINDIA.NS,3MINDIA.NS,,,,
3PLAND.NS,,3PLAND.NS,,,
5PAISA.NS,5PAISA.NS,,,,
63MOONS.NS,,63MOONS.NS,,,
A2ZINFRA.NS,,A2ZINFRA.NS,,,
AAATECH.NS,AAATECH.NS,,,,
AADHARHFC.NS,AADHARHFC.NS,,,,
AAKASH.NS,AAKASH.NS,,,,
AAREYDRUGS.NS,AAREYDRUGS.NS,,,,
AARON.NS,,AARON.NS,,,
AARTECH.NS,,AARTECH.NS,,,
AARTIDRUGS.NS,AARTIDRUGS.NS,,,,
,AARTIIND.NS,,AARTIIND.NS,,
,,AARTIPHARM.NS,AARTIPHARM.NS,,
AARTISURF.NS,AARTISURF.NS,,,,
,,AARVEEDEN.NS,AARVEEDEN.NS,,
,AARVI.NS,,AARVI.NS,,
AAVAS.NS,AAVAS.NS,,,,
ABAN.NS,ABAN.NS,,,,
ABB.NS,ABB.NS,,,,
ABBOTINDIA.NS,,ABBOTINDIA.NS,,,
ABCAPITAL.NS,ABCAPITAL.NS,,,,
ABDL.NS,,,,,
,ABFRL.NS,,ABFRL.NS,,
ABINFRA.NS,,ABINFRA.NS,,,
,ABMINTLLTD.NS,,ABMINTLLTD.NS,,
ABREL.NS,ABREL.NS,,,,
ABSLAMC.NS,ABSLAMC.NS,,,,
ACC.NS,ACC.NS,,,,
ACCELYA.NS,ACCELYA.NS,,,,
ACCURACY.NS,ACCURACY.NS,,,,
ACE.NS,ACE.NS,,,,
ACEINTEG.NS,ACEINTEG.NS,,,,
ACI.NS,ACI.NS,,,,
ACL.NS,ACL.NS,,,,
ACLGATI.NS,ACLGATI.NS,,,,
ACMESOLAR.NS,,,,,
ADANIENSOL.NS,ADANIENSOL.NS,,,,
ADANIENT.NS,ADANIENT.NS,,,,
ADANIGREEN.NS,ADANIGREEN.NS,,,,
ADANIPORTS.NS,ADANIPORTS.NS,,,,
ADANIPOWER.NS,ADANIPOWER.NS,,,,
ADFFOODS.NS,ADFFOODS.NS,,,,
,ADL.NS,,ADL.NS,,
ADORWELD.NS,ADORWELD.NS,,,,
ADROITINFO.NS,ADROITINFO.NS,,,,
,ADSL.NS,,ADSL.NS,,
ADVANIHOTR.NS,ADVANIHOTR.NS,,,,
ADVENZYMES.NS,ADVENZYMES.NS,,,,
AEGISLOG.NS,,,,,
,,AEROFLEX.NS,AEROFLEX.NS,,
AETHER.NS,AETHER.NS,,,,
AFCONS.NS,,,,,
,,AFFLE.NS,AFFLE.NS,,
AFFORDABLE.NS,,,,,
AFIL.NS,,,,,
AGARIND.NS,AGARIND.NS,,,,
AGI.NS,AGI.NS,,,,
AGIIL.NS,,,,,
,AGRITECH.NS,,AGRITECH.NS,,
,AGROPHOS.NS,,AGROPHOS.NS,,
AGSTRA.NS,AGSTRA.NS,,,AGSTRA.NS,
AHL.NS,AHL.NS,,,,
AHLADA.NS,AHLADA.NS,,,,
AHLEAST.NS,AHLEAST.NS,,,,
AHLUCONT.NS,AHLUCONT.NS,,,,
,AIAENG.NS,,AIAENG.NS,,
AIIL.NS,,AIIL.NS,,,
AIRAN.NS,AIRAN.NS,,,,
,AIROLAM.NS,,AIROLAM.NS,,
AJANTPHARM.NS,AJANTPHARM.NS,,,,
AJMERA.NS,,AJMERA.NS,,,
AJOONI.NS,AJOONI.NS,,,,
AKASH.NS,AKASH.NS,,,,
,AKG.NS,,AKG.NS,,
,AKI.NS,,AKI.NS,,
,AKSHAR.NS,,AKSHAR.NS,,
,AKSHARCHEM.NS,,AKSHARCHEM.NS,,
AKSHOPTFBR.NS,,AKSHOPTFBR.NS,,,
AKUMS.NS,,,,,
AKZOINDIA.NS,,AKZOINDIA.NS,,,
ALANKIT.NS,ALANKIT.NS,,,,
ALBERTDAVD.NS,ALBERTDAVD.NS,,,,
ALEMBICLTD.NS,ALEMBICLTD.NS,,,,
,ALICON.NS,,ALICON.NS,,
ALIVUS.NS,,,,,
,ALKALI.NS,,ALKALI.NS,,
ALKEM.NS,ALKEM.NS,,,,
ALKYLAMINE.NS,ALKYLAMINE.NS,,,,
ALLCARGO.NS,ALLCARGO.NS,,,,
ALLDIGI.NS,,,,,
ALMONDZ.NS,ALMONDZ.NS,,,,
ALOKINDS.NS,ALOKINDS.NS,,,,
ALPA.NS,,ALPA.NS,,,
ALPHAGEO.NS,ALPHAGEO.NS,,,,
,ALPSINDUS.NS,,ALPSINDUS.NS,,
AMBER.NS,,AMBER.NS,,,
AMBICAAGAR.NS,,AMBICAAGAR.NS,,,
AMBIKCO.NS,AMBIKCO.NS,,,,
AMBUJACEM.NS,AMBUJACEM.NS,,,,
AMDIND.NS,AMDIND.NS,,,,
AMIORG.NS,,AMIORG.NS,,,
AMJLAND.NS,,AMJLAND.NS,,,
,AMNPLST.NS,,AMNPLST.NS,,
AMRUTANJAN.NS,AMRUTANJAN.NS,,,,
,ANANDRATHI.NS,,ANANDRATHI.NS,,
ANANTRAJ.NS,,ANANTRAJ.NS,,,
ANDHRAPAP.NS,ANDHRAPAP.NS,,,,
,ANDHRSUGAR.NS,,ANDHRSUGAR.NS,,
,ANGELONE.NS,,ANGELONE.NS,,
ANIKINDS.NS,,ANIKINDS.NS,,,
ANKITMETAL.NS,ANKITMETAL.NS,,,,
ANMOL.NS,ANMOL.NS,,,,
,ANSALAPI.NS,,ANSALAPI.NS,ANSALAPI.NS,
ANTGRAPHIC.NS,ANTGRAPHIC.NS,,,,
ANUHPHR.NS,,,,,
ANUP.NS,,ANUP.NS,,,
ANURAS.NS,ANURAS.NS,,,,
APARINDS.NS,APARINDS.NS,,,,
,APCL.NS,,APCL.NS,APCL.NS,
,APCOTEXIND.NS,,APCOTEXIND.NS,,
APEX.NS,APEX.NS,,,,
APLAPOLLO.NS,APLAPOLLO.NS,,,,
APLLTD.NS,APLLTD.NS,,,,
APOLLO.NS,,APOLLO.NS,,,
APOLLOHOSP.NS,APOLLOHOSP.NS,,,,
APOLLOPIPE.NS,APOLLOPIPE.NS,,,,
APOLLOTYRE.NS,APOLLOTYRE.NS,,,,
APOLSINHOT.NS,APOLSINHOT.NS,,,,
APTECHT.NS,APTECHT.NS,,,,
,APTUS.NS,,APTUS.NS,,
ARCHIDPLY.NS,ARCHIDPLY.NS,,,,
,ARCHIES.NS,,ARCHIES.NS,,
ARE&M.NS,ARE&M.NS,,,,
,ARENTERP.NS,,ARENTERP.NS,,
ARIES.NS,ARIES.NS,,,,
ARIHANTCAP.NS,ARIHANTCAP.NS,,,,
,,ARIHANTSUP.NS,ARIHANTSUP.NS,,
ARKADE.NS,,,,,
,ARMANFIN.NS,,ARMANFIN.NS,,
,AROGRANITE.NS,,AROGRANITE.NS,,
ARROWGREEN.NS,ARROWGREEN.NS,,,,
ARSSINFRA.NS,,ARSSINFRA.NS,,,
,,ARTEMISMED.NS,ARTEMISMED.NS,,
ARTNIRMAN.NS,ARTNIRMAN.NS,,,,
ARVEE.NS,ARVEE.NS,,,,
ARVIND.NS,ARVIND.NS,,,,
ARVINDFASN.NS,ARVINDFASN.NS,,,,
ARVSMART.NS,ARVSMART.NS,,,,
,ASAHIINDIA.NS,,ASAHIINDIA.NS,,
ASAHISONG.NS,ASAHISONG.NS,,,,
ASAL.NS,ASAL.NS,,,,
ASALCBR.NS,,ASALCBR.NS,,,
,,ASHAPURMIN.NS,ASHAPURMIN.NS,ASHAPURMIN.NS,
ASHIANA.NS,ASHIANA.NS,,,,
ASHIMASYN.NS,ASHIMASYN.NS,,,,
ASHOKA.NS,,ASHOKA.NS,,,
,ASHOKAMET.NS,,ASHOKAMET.NS,,
,ASHOKLEY.NS,,ASHOKLEY.NS,,
ASIANENE.NS,ASIANENE.NS,,,,
,,ASIANHOTNR.NS,ASIANHOTNR.NS,,
ASIANPAINT.NS,ASIANPAINT.NS,,,,
ASIANTILES.NS,ASIANTILES.NS,,,,
,,ASKAUTOLTD.NS,ASKAUTOLTD.NS,,
ASMS.NS,ASMS.NS,,,,
,,ASPINWALL.NS,ASPINWALL.NS,,
ASTEC.NS,ASTEC.NS,,,,
ASTERDM.NS,,ASTERDM.NS,,,
ASTRAL.NS,ASTRAL.NS,,,,
ASTRAMICRO.NS,ASTRAMICRO.NS,,,,
ASTRAZEN.NS,,ASTRAZEN.NS,,,
ASTRON.NS,ASTRON.NS,,,,
,,ATALREAL.NS,ATALREAL.NS,,
ATAM.NS,ATAM.NS,,,,
ATFL.NS,ATFL.NS,,,,
ATGL.NS,ATGL.NS,,,,
ATL.NS,ATL.NS,,,,
ATLANTAA.NS,ATLANTAA.NS,,,,
,,ATLASCYCLE.NS,ATLASCYCLE.NS,,
ATUL.NS,ATUL.NS,,,,
,ATULAUTO.NS,,ATULAUTO.NS,,
AUBANK.NS,AUBANK.NS,,,,
AURIONPRO.NS,AURIONPRO.NS,,,,
AUROPHARMA.NS,AUROPHARMA.NS,,,,
AURUM.NS,,AURUM.NS,,,
,AUSOMENT.NS,,AUSOMENT.NS,,
,AUTOAXLES.NS,,AUTOAXLES.NS,,
AUTOIND.NS,AUTOIND.NS,,,,
AVADHSUGAR.NS,AVADHSUGAR.NS,,,,
AVALON.NS,,AVALON.NS,,,
AVANTEL.NS,,,,,
AVANTIFEED.NS,,AVANTIFEED.NS,,,
,AVG.NS,,AVG.NS,AVG.NS,
AVL.NS,,,,,
,,AVONMORE.NS,AVONMORE.NS,,
,,AVROIND.NS,AVROIND.NS,,
,AVTNPL.NS,,AVTNPL.NS,,
,,,AWFIS.NS,,
AWHCL.NS,AWHCL.NS,,,,
AWL.NS,AWL.NS,,,,
AXISBANK.NS,AXISBANK.NS,,,,
AXISCADES.NS,,AXISCADES.NS,,,
,AXITA.NS,,AXITA.NS,,
,,AYMSYNTEX.NS,AYMSYNTEX.NS,,
AZAD.NS,AZAD.NS,,,,
BAFNAPH.NS,BAFNAPH.NS,,,,
,BAGFILMS.NS,,BAGFILMS.NS,,
,BAIDFIN.NS,,BAIDFIN.NS,BAIDFIN.NS,
,BAJAJ-AUTO.NS,,BAJAJ-AUTO.NS,BAJAJ-AUTO.NS,
BAJAJCON.NS,BAJAJCON.NS,,,,
,BAJAJELEC.NS,,BAJAJELEC.NS,,
,,BAJAJFINSV.NS,BAJAJFINSV.NS,,
,,BAJAJHCARE.NS,BAJAJHCARE.NS,,
BAJAJHFL.NS,,,,,
BAJAJHIND.NS,BAJAJHIND.NS,,,,
,,BAJAJHLDNG.NS,BAJAJHLDNG.NS,,
BAJEL.NS,BAJEL.NS,,,,
,,BAJFINANCE.NS,BAJFINANCE.NS,,
,,,BALAJEE.NS,,
BALAJITELE.NS,BALAJITELE.NS,,,,
BALAMINES.NS,BALAMINES.NS,,,,
BALAXI.NS,BALAXI.NS,,,,
BALKRISHNA.NS,BALKRISHNA.NS,,,,
,BALKRISIND.NS,,BALKRISIND.NS,,
BALMLAWRIE.NS,BALMLAWRIE.NS,,,,
,BALPHARMA.NS,,BALPHARMA.NS,,
BALRAMCHIN.NS,BALRAMCHIN.NS,,,,
BALUFORGE.NS,,BALUFORGE.NS,,,
BANARBEADS.NS,,BANARBEADS.NS,,,
,,BANARISUG.NS,BANARISUG.NS,,
BANCOINDIA.NS,,BANCOINDIA.NS,,,
BANDHANBNK.NS,BANDHANBNK.NS,,,,
BANG.NS,,BANG.NS,,,
BANKA.NS,BANKA.NS,,,,
BANKBARODA.NS,BANKBARODA.NS,,,,
,BANKINDIA.NS,,BANKINDIA.NS,,
BANSALWIRE.NS,,,,,
BANSWRAS.NS,BANSWRAS.NS,,,,
BARBEQUE.NS,BARBEQUE.NS,,,,
BASF.NS,BASF.NS,,,,
BASML.NS,BASML.NS,,,,
,BATAINDIA.NS,,BATAINDIA.NS,,
BAYERCROP.NS,BAYERCROP.NS,,,,
BBL.NS,BBL.NS,,,,
,,BBOX.NS,BBOX.NS,BBOX.NS,
BBTC.NS,BBTC.NS,,,,
,BBTCL.NS,,BBTCL.NS,,
BCLIND.NS,BCLIND.NS,,,,
BCONCEPTS.NS,BCONCEPTS.NS,,,,
BDL.NS,BDL.NS,,,,
BEARDSELL.NS,BEARDSELL.NS,,,,
BECTORFOOD.NS,BECTORFOOD.NS,,,,
BEDMUTHA.NS,BEDMUTHA.NS,,,,
BEL.NS,BEL.NS,,,,
BEML.NS,BEML.NS,,,,
BEPL.NS,BEPL.NS,,,,
BERGEPAINT.NS,BERGEPAINT.NS,,,,
BESTAGRO.NS,BESTAGRO.NS,,,BESTAGRO.NS,
BFINVEST.NS,BFINVEST.NS,,,,
BFUTILITIE.NS,BFUTILITIE.NS,,,,
,,BGRENERGY.NS,BGRENERGY.NS,,
BHAGCHEM.NS,BHAGCHEM.NS,,,,
,BHAGERIA.NS,,BHAGERIA.NS,,
BHAGYANGR.NS,BHAGYANGR.NS,,,,
,BHANDARI.NS,,BHANDARI.NS,,
BHARATFORG.NS,BHARATFORG.NS,,,,
BHARATGEAR.NS,BHARATGEAR.NS,,,,
BHARATRAS.NS,BHARATRAS.NS,,,,
BHARATWIRE.NS,BHARATWIRE.NS,,,,
,,BHARTIARTL.NS,BHARTIARTL.NS,,
BHARTIHEXA.NS,,BHARTIHEXA.NS,,,
BHEL.NS,BHEL.NS,,,,
BIGBLOC.NS,BIGBLOC.NS,,,,
BIKAJI.NS,BIKAJI.NS,,,,
BIL.NS,,BIL.NS,,,
,BINANIIND.NS,,BINANIIND.NS,,
BIOCON.NS,,BIOCON.NS,,,
,BIOFILCHEM.NS,,BIOFILCHEM.NS,,
BIRLACABLE.NS,BIRLACABLE.NS,,,,
BIRLACORPN.NS,BIRLACORPN.NS,,,,
BIRLAMONEY.NS,,BIRLAMONEY.NS,,,
,,,BLACKBUCK.NS,,
BLAL.NS,BLAL.NS,,,,
,BLBLIMITED.NS,,BLBLIMITED.NS,,
BLISSGVS.NS,,BLISSGVS.NS,,,
BLKASHYAP.NS,BLKASHYAP.NS,,,,
,,BLS.NS,BLS.NS,,
,BLSE.NS,,BLSE.NS,,
BLUECHIP.NS,,BLUECHIP.NS,,,
BLUECOAST.NS,,BLUECOAST.NS,,,BLUECOAST.NS
,BLUEDART.NS,,BLUEDART.NS,,
,,BLUEJET.NS,BLUEJET.NS,,
BLUESTARCO.NS,,BLUESTARCO.NS,,,
,BODALCHEM.NS,,BODALCHEM.NS,,
BOHRAIND.NS,,BOHRAIND.NS,,,BOHRAIND.NS
BOMDYEING.NS,BOMDYEING.NS,,,,
BOROLTD.NS,BOROLTD.NS,,,,
BORORENEW.NS,,BORORENEW.NS,,,
BOROSCI.NS,,,,,
BOSCHLTD.NS,BOSCHLTD.NS,,,,
BPCL.NS,BPCL.NS,,,,
BPL.NS,BPL.NS,,,,
BRIGADE.NS,BRIGADE.NS,,,,
,BRITANNIA.NS,,BRITANNIA.NS,,
BRNL.NS,BRNL.NS,,,,
BROOKS.NS,,BROOKS.NS,,,
,,BSE.NS,BSE.NS,,
,BSHSL.NS,,BSHSL.NS,,
BSL.NS,BSL.NS,,,,
,BSOFT.NS,,BSOFT.NS,BSOFT.NS,
BTML.NS,BTML.NS,,,,
BUTTERFLY.NS,BUTTERFLY.NS,,,,
BVCL.NS,BVCL.NS,,,,
BYKE.NS,,BYKE.NS,,,
CALSOFT.NS,CALSOFT.NS,,,,
CAMLINFINE.NS,,CAMLINFINE.NS,,,
,CAMPUS.NS,,CAMPUS.NS,,
CAMS.NS,CAMS.NS,,,,
CANBK.NS,CANBK.NS,,,,
CANFINHOME.NS,CANFINHOME.NS,,,,
CANTABIL.NS,,CANTABIL.NS,,,
CAPACITE.NS,,CAPACITE.NS,,,
,CAPITALSFB.NS,,CAPITALSFB.NS,,
CAPLIPOINT.NS,,CAPLIPOINT.NS,,,
CAPTRUST.NS,CAPTRUST.NS,,,,
CARBORUNIV.NS,CARBORUNIV.NS,,,,
CAREERP.NS,CAREERP.NS,,,,
CARERATING.NS,,CARERATING.NS,,,
CARRARO.NS,,,,,
CARTRADE.NS,,CARTRADE.NS,,,
CARYSIL.NS,CARYSIL.NS,,,,
CASTROLIND.NS,CASTROLIND.NS,,,,CASTROLIND.NS
CCCL.NS,,CCCL.NS,,,
CCHHL.NS,CCHHL.NS,,,,
CCL.NS,CCL.NS,,,,
CDSL.NS,,CDSL.NS,,,
CEATLTD.NS,,CEATLTD.NS,,,
CEIGALL.NS,,,,,
CELEBRITY.NS,CELEBRITY.NS,,,,
,CELLO.NS,,CELLO.NS,CELLO.NS,
CENTENKA.NS,CENTENKA.NS,,,,
CENTEXT.NS,CENTEXT.NS,,,,
,CENTRALBK.NS,,CENTRALBK.NS,,
,CENTRUM.NS,,CENTRUM.NS,,
CENTUM.NS,CENTUM.NS,,,,
,,CENTURYPLY.NS,CENTURYPLY.NS,,
CERA.NS,CERA.NS,,,,
CEREBRAINT.NS,CEREBRAINT.NS,,,,
CESC.NS,CESC.NS,,,,
CEWATER.NS,,,,,
CGCL.NS,CGCL.NS,,,,
CGPOWER.NS,CGPOWER.NS,,,,
CHALET.NS,CHALET.NS,,,,
CHAMBLFERT.NS,,CHAMBLFERT.NS,,,
CHEMBOND.NS,CHEMBOND.NS,,,,
,CHEMCON.NS,,CHEMCON.NS,,
,,CHEMFAB.NS,CHEMFAB.NS,,
CHEMPLASTS.NS,CHEMPLASTS.NS,,,,
CHENNPETRO.NS,CHENNPETRO.NS,,,,
CHEVIOT.NS,CHEVIOT.NS,,,,
CHOICEIN.NS,,CHOICEIN.NS,,,
CHOLAFIN.NS,CHOLAFIN.NS,,,,
CHOLAHLDNG.NS,CHOLAHLDNG.NS,,,,
CIEINDIA.NS,CIEINDIA.NS,,,,
CIGNITITEC.NS,,CIGNITITEC.NS,,,
CINELINE.NS,CINELINE.NS,,,,
,CINEVISTA.NS,,CINEVISTA.NS,,
,CIPLA.NS,,CIPLA.NS,,
,CLEAN.NS,,CLEAN.NS,,
,,CLEDUCATE.NS,CLEDUCATE.NS,,
CLSEL.NS,,CLSEL.NS,,,
CMSINFO.NS,CMSINFO.NS,,,,
COALINDIA.NS,COALINDIA.NS,,,,
COASTCORP.NS,COASTCORP.NS,,,,
COCHINSHIP.NS,COCHINSHIP.NS,,,,
COFFEEDAY.NS,COFFEEDAY.NS,,,,
COFORGE.NS,,COFORGE.NS,,,
COLPAL.NS,COLPAL.NS,,,,
,COMPINFO.NS,,COMPINFO.NS,,
COMPUSOFT.NS,COMPUSOFT.NS,,,,
COMSYN.NS,,COMSYN.NS,,,
CONCOR.NS,CONCOR.NS,,,,
CONCORDBIO.NS,,CONCORDBIO.NS,,,
,CONFIPET.NS,,CONFIPET.NS,,
CONSOFINVT.NS,CONSOFINVT.NS,,,,
CONTROLPR.NS,CONTROLPR.NS,,,,
CORALFINAC.NS,CORALFINAC.NS,,,,
,CORDSCABLE.NS,,CORDSCABLE.NS,,
COROMANDEL.NS,,COROMANDEL.NS,,,
COSMOFIRST.NS,COSMOFIRST.NS,,,,
COUNCODOS.NS,COUNCODOS.NS,,,,
CRAFTSMAN.NS,CRAFTSMAN.NS,,,,
,,CREATIVE.NS,CREATIVE.NS,CREATIVE.NS,
,CREATIVEYE.NS,,CREATIVEYE.NS,,
CREDITACC.NS,CREDITACC.NS,,,,
CREST.NS,CREST.NS,,,,
CRISIL.NS,,CRISIL.NS,,,
CROMPTON.NS,CROMPTON.NS,,,,
CROWN.NS,CROWN.NS,,,,
CSBBANK.NS,CSBBANK.NS,,,,
CSLFINANCE.NS,CSLFINANCE.NS,,,,
,CTE.NS,,CTE.NS,CTE.NS,
CUB.NS,CUB.NS,,,,
,,CUBEXTUB.NS,CUBEXTUB.NS,,
CUMMINSIND.NS,CUMMINSIND.NS,,,,
,CUPID.NS,,CUPID.NS,,
,CYBERMEDIA.NS,,CYBERMEDIA.NS,,
CYBERTECH.NS,,CYBERTECH.NS,,,
,CYIENT.NS,,CYIENT.NS,,
CYIENTDLM.NS,CYIENTDLM.NS,,,,
,DABUR.NS,,DABUR.NS,,
,DALBHARAT.NS,,DALBHARAT.NS,,
DALMIASUG.NS,DALMIASUG.NS,,,,
DAMCAPITAL.NS,,,,,
DAMODARIND.NS,DAMODARIND.NS,,,,
DANGEE.NS,DANGEE.NS,,,,
DATAMATICS.NS,,DATAMATICS.NS,,,
DATAPATTNS.NS,DATAPATTNS.NS,,,,
,DAVANGERE.NS,,DAVANGERE.NS,,
DBCORP.NS,DBCORP.NS,,,,
DBEIL.NS,,,,,
DBL.NS,DBL.NS,,,,
DBOL.NS,DBOL.NS,,,,
DBREALTY.NS,DBREALTY.NS,,,,
,DBSTOCKBRO.NS,,DBSTOCKBRO.NS,DBSTOCKBRO.NS,
DCAL.NS,,DCAL.NS,,,
DCBBANK.NS,DCBBANK.NS,,,,
,DCI.NS,,DCI.NS,,
,,DCM.NS,DCM.NS,,
DCMFINSERV.NS,DCMFINSERV.NS,,,,
DCMNVL.NS,DCMNVL.NS,,,,
DCMSHRIRAM.NS,,DCMSHRIRAM.NS,,,
DCMSRIND.NS,DCMSRIND.NS,,,,
DCW.NS,DCW.NS,,,,
DCXINDIA.NS,DCXINDIA.NS,,,,
DDEVPLSTIK.NS,,,,,
DECCANCE.NS,,DECCANCE.NS,,,
DEEDEV.NS,,,,,
DEEPAKFERT.NS,,DEEPAKFERT.NS,,,
DEEPAKNTR.NS,DEEPAKNTR.NS,,,,
,,DEEPINDS.NS,DEEPINDS.NS,,
DELHIVERY.NS,DELHIVERY.NS,,,,
,DELPHIFX.NS,,DELPHIFX.NS,DELPHIFX.NS,
DELTACORP.NS,DELTACORP.NS,,,,
DELTAMAGNT.NS,DELTAMAGNT.NS,,,,
DEN.NS,DEN.NS,,,,
DENORA.NS,DENORA.NS,,,,
DEVIT.NS,,DEVIT.NS,,,
DEVYANI.NS,,DEVYANI.NS,,,
DGCONTENT.NS,,DGCONTENT.NS,,,
DHAMPURSUG.NS,DHAMPURSUG.NS,,,,
DHANBANK.NS,DHANBANK.NS,,,,
DHANI.NS,,DHANI.NS,,,
,DHANUKA.NS,,DHANUKA.NS,DHANUKA.NS,
DHARMAJ.NS,DHARMAJ.NS,,,,
DHRUV.NS,DHRUV.NS,,,,
,DHUNINV.NS,,DHUNINV.NS,,
DIACABS.NS,DIACABS.NS,,,,
DIAMINESQ.NS,DIAMINESQ.NS,,,,
DIAMONDYD.NS,,DIAMONDYD.NS,,,
DICIND.NS,,DICIND.NS,,,
DIFFNKG.NS,,,,,
,DIGIDRIVE.NS,,DIGIDRIVE.NS,,
DIGISPICE.NS,DIGISPICE.NS,,,,
DIGJAMLMTD.NS,DIGJAMLMTD.NS,,,,
,DIL.NS,,DIL.NS,DIL.NS,
DISHTV.NS,DISHTV.NS,,,,
DIVGIITTS.NS,DIVGIITTS.NS,,,,
,,DIVISLAB.NS,DIVISLAB.NS,,
DIXON.NS,,DIXON.NS,,,
DJML.NS,,DJML.NS,,,
DLF.NS,DLF.NS,,,,
DLINKINDIA.NS,DLINKINDIA.NS,,,,
,DMART.NS,,DMART.NS,,
,,DMCC.NS,DMCC.NS,,
,,DNAMEDIA.NS,DNAMEDIA.NS,,
DODLA.NS,DODLA.NS,,,,
DOLATALGO.NS,DOLATALGO.NS,,,,
DOLLAR.NS,DOLLAR.NS,,,,
DOLPHIN.NS,DOLPHIN.NS,,,,
DOMS.NS,,DOMS.NS,,,
DONEAR.NS,,DONEAR.NS,,,
,,DPABHUSHAN.NS,DPABHUSHAN.NS,,
,DPSCLTD.NS,,DPSCLTD.NS,,
DPWIRES.NS,DPWIRES.NS,,,,
DRCSYSTEMS.NS,DRCSYSTEMS.NS,,,,
,DREAMFOLKS.NS,,DREAMFOLKS.NS,DREAMFOLKS.NS,
DREDGECORP.NS,DREDGECORP.NS,,,,
DRREDDY.NS,DRREDDY.NS,,,,
DSSL.NS,DSSL.NS,,,,
DTIL.NS,DTIL.NS,,,,
DUCON.NS,DUCON.NS,,,,
DVL.NS,DVL.NS,,,,
DWARKESH.NS,DWARKESH.NS,,,,
DYCL.NS,,DYCL.NS,,,
DYNAMATECH.NS,DYNAMATECH.NS,,,,
DYNPRO.NS,DYNPRO.NS,,,,
E2E.NS,,E2E.NS,,,
EASEMYTRIP.NS,EASEMYTRIP.NS,,,,
,,ECLERX.NS,ECLERX.NS,,
ECOSMOBLTY.NS,,,,,
EDELWEISS.NS,,EDELWEISS.NS,,,
EICHERMOT.NS,,EICHERMOT.NS,,,
EIDPARRY.NS,EIDPARRY.NS,,,,
,,,EIEL.NS,,
,,EIFFL.NS,EIFFL.NS,,
EIHAHOTELS.NS,EIHAHOTELS.NS,,,,
EIHOTEL.NS,EIHOTEL.NS,,,,
EIMCOELECO.NS,EIMCOELECO.NS,,,,
EKC.NS,EKC.NS,,,,
ELDEHSG.NS,ELDEHSG.NS,,,,
ELECON.NS,ELECON.NS,,,,
ELECTCAST.NS,ELECTCAST.NS,,,,
ELECTHERM.NS,ELECTHERM.NS,,,,
,ELGIEQUIP.NS,,ELGIEQUIP.NS,,
ELGIRUBCO.NS,,ELGIRUBCO.NS,,ELGIRUBCO.NS,
ELIN.NS,ELIN.NS,,,,
EMAMILTD.NS,EMAMILTD.NS,,,,
EMAMIPAP.NS,EMAMIPAP.NS,,,,
EMAMIREAL.NS,EMAMIREAL.NS,,,,
,,,EMBDL.NS,,
EMCURE.NS,,,,,
EMIL.NS,EMIL.NS,,,,
,,EMKAY.NS,EMKAY.NS,EMKAY.NS,
EMMBI.NS,,EMMBI.NS,,,
EMSLIMITED.NS,EMSLIMITED.NS,,,,
EMUDHRA.NS,EMUDHRA.NS,,,,
ENDURANCE.NS,ENDURANCE.NS,,,,
ENERGYDEV.NS,ENERGYDEV.NS,,,,
ENGINERSIN.NS,ENGINERSIN.NS,,,,
ENIL.NS,ENIL.NS,,,,
ENTERO.NS,,ENTERO.NS,,,
EPACK.NS,,EPACK.NS,,,
EPIGRAL.NS,EPIGRAL.NS,,,,
,EPL.NS,,EPL.NS,,
EQUIPPP.NS,EQUIPPP.NS,,,,
,EQUITASBNK.NS,,EQUITASBNK.NS,,
ERIS.NS,,ERIS.NS,,,
ESABINDIA.NS,ESABINDIA.NS,,,,
ESAFSFB.NS,ESAFSFB.NS,,,,
ESCORTS.NS,ESCORTS.NS,,,,
ESSARSHPNG.NS,ESSARSHPNG.NS,,,,
ESSENTIA.NS,ESSENTIA.NS,,,,
,,ESTER.NS,ESTER.NS,,
ETHOSLTD.NS,ETHOSLTD.NS,,,,
EUREKAFORB.NS,,,,,
,,EUROTEXIND.NS,EUROTEXIND.NS,,
EVEREADY.NS,EVEREADY.NS,,,,
,EVERESTIND.NS,,EVERESTIND.NS,,
EXCEL.NS,EXCEL.NS,,,,
EXCELINDUS.NS,EXCELINDUS.NS,,,,
EXICOM.NS,EXICOM.NS,,,,
EXIDEIND.NS,EXIDEIND.NS,,,,
,EXPLEOSOL.NS,,EXPLEOSOL.NS,,
,EXXARO.NS,,EXXARO.NS,,
,FACT.NS,,FACT.NS,,
FAIRCHEMOR.NS,FAIRCHEMOR.NS,,,,
FAZE3Q.NS,FAZE3Q.NS,,,,
,FCL.NS,,FCL.NS,,
FCSSOFT.NS,FCSSOFT.NS,,,,
FDC.NS,FDC.NS,,,,
FEDERALBNK.NS,FEDERALBNK.NS,,,,
,FEDFINA.NS,,FEDFINA.NS,,
FEL.NS,FEL.NS,,,,
,FELDVR.NS,,FELDVR.NS,,
FIBERWEB.NS,,FIBERWEB.NS,,,
FIEMIND.NS,FIEMIND.NS,,,,
FILATEX.NS,FILATEX.NS,,,,
FILATFASH.NS,FILATFASH.NS,,,,
,FINCABLES.NS,,FINCABLES.NS,,
FINEORG.NS,FINEORG.NS,,,,
,FINOPB.NS,,FINOPB.NS,,
FINPIPE.NS,FINPIPE.NS,,,,
FIRSTCRY.NS,,,,,
,FIVESTAR.NS,,FIVESTAR.NS,,
FLAIR.NS,FLAIR.NS,,,,
FLEXITUFF.NS,FLEXITUFF.NS,,,,
,FLFL.NS,,FLFL.NS,FLFL.NS,
FLUOROCHEM.NS,FLUOROCHEM.NS,,,,
,FMGOETZE.NS,,FMGOETZE.NS,,
FMNL.NS,,FMNL.NS,,,
FOCUS.NS,FOCUS.NS,,,,
FOODSIN.NS,FOODSIN.NS,,,,
FORCEMOT.NS,FORCEMOT.NS,,,,
FORTIS.NS,,FORTIS.NS,,,
FOSECOIND.NS,FOSECOIND.NS,,,,
FSC.NS,FSC.NS,,,,
FSL.NS,,FSL.NS,,,
,FUSION.NS,,FUSION.NS,,
GABRIEL.NS,GABRIEL.NS,,,,
GAEL.NS,GAEL.NS,,,,
GAIL.NS,GAIL.NS,,,,
,,,GALAPREC.NS,,
GALAXYSURF.NS,GALAXYSURF.NS,,,,
GALLANTT.NS,GALLANTT.NS,,,,
GANDHAR.NS,GANDHAR.NS,,,,
GANDHITUBE.NS,GANDHITUBE.NS,,,,
GANECOS.NS,GANECOS.NS,,,,
GANESHBE.NS,GANESHBE.NS,,,,
,,GANESHHOUC.NS,GANESHHOUC.NS,,
GANGAFORGE.NS,GANGAFORGE.NS,,,,
GANGESSECU.NS,GANGESSECU.NS,,,,
GARFIBRES.NS,GARFIBRES.NS,,,,
GARUDA.NS,,,,,
,GATECH.NS,,GATECH.NS,,
,GATECHDVR.NS,,GATECHDVR.NS,,
,GATEWAY.NS,,GATEWAY.NS,,
GAYAHWS.NS,GAYAHWS.NS,,,,
GAYAPROJ.NS,GAYAPROJ.NS,,,,
,,GEECEE.NS,GEECEE.NS,,
GEEKAYWIRE.NS,GEEKAYWIRE.NS,,,,
GENCON.NS,GENCON.NS,,,,
GENESYS.NS,,GENESYS.NS,,,
,GENSOL.NS,,GENSOL.NS,GENSOL.NS,
GENUSPAPER.NS,GENUSPAPER.NS,,,,
GENUSPOWER.NS,GENUSPOWER.NS,,,,
GEOJITFSL.NS,GEOJITFSL.NS,,,,
GEPIL.NS,GEPIL.NS,,,,
GESHIP.NS,GESHIP.NS,,,,
GFLLIMITED.NS,GFLLIMITED.NS,,,,
GHCL.NS,,GHCL.NS,,,
GHCLTEXTIL.NS,GHCLTEXTIL.NS,,,,
GICHSGFIN.NS,GICHSGFIN.NS,,,,
GICRE.NS,,GICRE.NS,,,
,,GILLANDERS.NS,GILLANDERS.NS,,
GILLETTE.NS,,GILLETTE.NS,,,
GINNIFILA.NS,GINNIFILA.NS,,,,
GIPCL.NS,GIPCL.NS,,,,
GKWLIMITED.NS,GKWLIMITED.NS,,,GKWLIMITED.NS,
GLAND.NS,GLAND.NS,,,,
GLAXO.NS,GLAXO.NS,,,,
GLENMARK.NS,GLENMARK.NS,,,,
GLOBAL.NS,GLOBAL.NS,,,,
,,,GLOBALE.NS,,
GLOBALVECT.NS,,GLOBALVECT.NS,,,
GLOBE.NS,GLOBE.NS,,,,
GLOBUSSPR.NS,GLOBUSSPR.NS,,,,
GLOSTERLTD.NS,GLOSTERLTD.NS,,,,
GMBREW.NS,GMBREW.NS,,,,
GMDCLTD.NS,GMDCLTD.NS,,,,
GMMPFAUDLR.NS,GMMPFAUDLR.NS,,,,
GMRAIRPORT.NS,GMRAIRPORT.NS,,,,
GMRP&UI.NS,,GMRP&UI.NS,,,
GNA.NS,GNA.NS,,,,
,GNFC.NS,,GNFC.NS,,
GOACARBON.NS,GOACARBON.NS,,,,
GOCLCORP.NS,GOCLCORP.NS,,,,
,GOCOLORS.NS,,GOCOLORS.NS,GOCOLORS.NS,
GODAVARIB.NS,,,,,
,GODFRYPHLP.NS,,GODFRYPHLP.NS,,
GODHA.NS,,GODHA.NS,,,
GODIGIT.NS,GODIGIT.NS,,,,
GODREJAGRO.NS,GODREJAGRO.NS,,,,
GODREJCP.NS,GODREJCP.NS,,,,
GODREJIND.NS,GODREJIND.NS,,,,
GODREJPROP.NS,GODREJPROP.NS,,,,
,GOENKA.NS,,GOENKA.NS,,
,,GOKEX.NS,GOKEX.NS,,
GOKUL.NS,,GOKUL.NS,,,
,,GOKULAGRO.NS,GOKULAGRO.NS,GOKULAGRO.NS,
,GOLDENTOBC.NS,,GOLDENTOBC.NS,,
GOLDIAM.NS,,GOLDIAM.NS,,,
,GOLDTECH.NS,,GOLDTECH.NS,,
GOODLUCK.NS,GOODLUCK.NS,,,,
GOPAL.NS,GOPAL.NS,,,,
GOYALALUM.NS,GOYALALUM.NS,,,,
GPIL.NS,GPIL.NS,,,,
GPPL.NS,GPPL.NS,,,,
GPTHEALTH.NS,GPTHEALTH.NS,,,,
GPTINFRA.NS,GPTINFRA.NS,,,,
,GRANULES.NS,,GRANULES.NS,,
GRAPHITE.NS,GRAPHITE.NS,,,,
,GRASIM.NS,,GRASIM.NS,,
GRAVITA.NS,,GRAVITA.NS,,,
,,GREAVESCOT.NS,GREAVESCOT.NS,,
,GREENLAM.NS,,GREENLAM.NS,,
,GREENPANEL.NS,,GREENPANEL.NS,,
GREENPLY.NS,GREENPLY.NS,,,,
GREENPOWER.NS,GREENPOWER.NS,,,,
GRINDWELL.NS,GRINDWELL.NS,,,,
GRINFRA.NS,GRINFRA.NS,,,,
GRMOVER.NS,,GRMOVER.NS,,,
GROBTEA.NS,,GROBTEA.NS,,,
,GRPLTD.NS,,GRPLTD.NS,,
GRSE.NS,GRSE.NS,,,,
GRWRHITECH.NS,,GRWRHITECH.NS,,,
,GSFC.NS,,GSFC.NS,,
GSLSU.NS,GSLSU.NS,,,,
GSPL.NS,GSPL.NS,,,,
,GSS.NS,,GSS.NS,,
,GTECJAINX.NS,,GTECJAINX.NS,,
GTL.NS,GTL.NS,,,,
GTLINFRA.NS,GTLINFRA.NS,,,,
GTPL.NS,GTPL.NS,,,,
,,GUFICBIO.NS,GUFICBIO.NS,,
GUJALKALI.NS,GUJALKALI.NS,,,,
,,GUJAPOLLO.NS,GUJAPOLLO.NS,,
GUJGASLTD.NS,GUJGASLTD.NS,,,,
GUJRAFFIA.NS,,GUJRAFFIA.NS,,,
GULFOILLUB.NS,GULFOILLUB.NS,,,,
GULFPETRO.NS,GULFPETRO.NS,,,,
,GULPOLY.NS,,GULPOLY.NS,,
GVKPIL.NS,GVKPIL.NS,,,,
GVPTECH.NS,GVPTECH.NS,,,,
,,GVT&D.NS,GVT&D.NS,GVT&D.NS,
HAL.NS,HAL.NS,,,,
HAPPSTMNDS.NS,HAPPSTMNDS.NS,,,,
,HAPPYFORGE.NS,,HAPPYFORGE.NS,HAPPYFORGE.NS,
HARDWYN.NS,HARDWYN.NS,,,,
HARIOMPIPE.NS,HARIOMPIPE.NS,,,,
HARRMALAYA.NS,,HARRMALAYA.NS,,,
HARSHA.NS,HARSHA.NS,,,,
HATHWAY.NS,HATHWAY.NS,,,,
,HATSUN.NS,,HATSUN.NS,,
,HAVELLS.NS,,HAVELLS.NS,,
,HAVISHA.NS,,HAVISHA.NS,,
HBLENGINE.NS,,,,,
HBSL.NS,HBSL.NS,,,,
HCC.NS,HCC.NS,,,,
HCG.NS,,HCG.NS,,,
HCL-INSYS.NS,HCL-INSYS.NS,,,,
,,HCLTECH.NS,HCLTECH.NS,,
HDFCAMC.NS,HDFCAMC.NS,,,,
,,HDFCBANK.NS,HDFCBANK.NS,,
HDFCLIFE.NS,HDFCLIFE.NS,,,,
,HDIL.NS,,HDIL.NS,HDIL.NS,
HEADSUP.NS,HEADSUP.NS,,,,
HECPROJECT.NS,HECPROJECT.NS,,,,
HEG.NS,HEG.NS,,,,
HEIDELBERG.NS,HEIDELBERG.NS,,,,
HEMIPROP.NS,HEMIPROP.NS,,,,
HERANBA.NS,HERANBA.NS,,,HERANBA.NS,
HERCULES.NS,HERCULES.NS,,,,
HERITGFOOD.NS,HERITGFOOD.NS,,,,
,HEROMOTOCO.NS,,HEROMOTOCO.NS,,
HESTERBIO.NS,HESTERBIO.NS,,,HESTERBIO.NS,
HEUBACHIND.NS,,HEUBACHIND.NS,,,
HEXATRADEX.NS,HEXATRADEX.NS,,,,
HFCL.NS,HFCL.NS,,,,
HGINFRA.NS,HGINFRA.NS,,,,
,HGS.NS,,HGS.NS,,
HIKAL.NS,,HIKAL.NS,,,
HIL.NS,HIL.NS,,,,
,HILTON.NS,,HILTON.NS,,
HIMATSEIDE.NS,,HIMATSEIDE.NS,,,
HINDALCO.NS,HINDALCO.NS,,,,HINDALCO.NS
HINDCOMPOS.NS,HINDCOMPOS.NS,,,,
HINDCON.NS,HINDCON.NS,,,,
HINDCOPPER.NS,HINDCOPPER.NS,,,,
HINDMOTORS.NS,HINDMOTORS.NS,,,,
,HINDOILEXP.NS,,HINDOILEXP.NS,,
HINDPETRO.NS,HINDPETRO.NS,,,,
,HINDUNILVR.NS,,HINDUNILVR.NS,,
HINDWAREAP.NS,HINDWAREAP.NS,,,,
HINDZINC.NS,HINDZINC.NS,,,,
HIRECT.NS,,HIRECT.NS,,,
HISARMETAL.NS,,HISARMETAL.NS,,,
HITECH.NS,HITECH.NS,,,,
,HITECHCORP.NS,,HITECHCORP.NS,,
,HITECHGEAR.NS,,HITECHGEAR.NS,,
HLEGLAS.NS,HLEGLAS.NS,,,,
HLVLTD.NS,HLVLTD.NS,,,,
HMAAGRO.NS,HMAAGRO.NS,,,,
HMT.NS,HMT.NS,,,,
HMVL.NS,HMVL.NS,,,,
,HNDFDS.NS,,HNDFDS.NS,,
HOMEFIRST.NS,HOMEFIRST.NS,,,,
HONASA.NS,HONASA.NS,,,,
HONAUT.NS,HONAUT.NS,,,,
HONDAPOWER.NS,HONDAPOWER.NS,,,,
,HOVS.NS,,HOVS.NS,,
HPAL.NS,HPAL.NS,,,,
HPIL.NS,HPIL.NS,,,,
HPL.NS,HPL.NS,,,,
HSCL.NS,HSCL.NS,,,,
,HTMEDIA.NS,,HTMEDIA.NS,,
,,HUBTOWN.NS,HUBTOWN.NS,,
HUDCO.NS,HUDCO.NS,,,,
HUHTAMAKI.NS,HUHTAMAKI.NS,,,,
HYBRIDFIN.NS,,HYBRIDFIN.NS,,,
,,,HYUNDAI.NS,,
ICDSLTD.NS,,ICDSLTD.NS,,,
ICEMAKE.NS,ICEMAKE.NS,,,,
,,ICICIBANK.NS,ICICIBANK.NS,,
,ICICIGI.NS,,ICICIGI.NS,,
,ICICIPRULI.NS,,ICICIPRULI.NS,ICICIPRULI.NS,
,ICIL.NS,,ICIL.NS,,
,ICRA.NS,,ICRA.NS,,
IDBI.NS,IDBI.NS,,,,
,IDEA.NS,,IDEA.NS,,
IDEAFORGE.NS,IDEAFORGE.NS,,,,
,IDFCFIRSTB.NS,,IDFCFIRSTB.NS,,
IEL.NS,,IEL.NS,,,
,IEX.NS,,IEX.NS,,
,IFBAGRO.NS,,IFBAGRO.NS,,
IFBIND.NS,IFBIND.NS,,,,
IFCI.NS,IFCI.NS,,,,
IFGLEXPOR.NS,IFGLEXPOR.NS,,,,
IGARASHI.NS,IGARASHI.NS,,,,
,,,IGIL.NS,IGIL.NS,
,IGL.NS,,IGL.NS,,
IGPL.NS,IGPL.NS,,,,
IIFL.NS,IIFL.NS,,,,
IIFLCAPS.NS,,,,,
,,IITL.NS,IITL.NS,,
IKIO.NS,IKIO.NS,,,,
IKS.NS,,,,,
,,IL&FSENGG.NS,IL&FSENGG.NS,,
,IL&FSTRANS.NS,,IL&FSTRANS.NS,IL&FSTRANS.NS,
,IMAGICAA.NS,,IMAGICAA.NS,,
IMFA.NS,,IMFA.NS,,,
IMPAL.NS,IMPAL.NS,,,,
,IMPEXFERRO.NS,,IMPEXFERRO.NS,,
INCREDIBLE.NS,INCREDIBLE.NS,,,,
INDBANK.NS,INDBANK.NS,,,,
,INDGN.NS,,INDGN.NS,,
INDHOTEL.NS,,INDHOTEL.NS,,,
INDIACEM.NS,INDIACEM.NS,,,,
INDIAGLYCO.NS,,INDIAGLYCO.NS,,,
INDIAMART.NS,INDIAMART.NS,,,,
INDIANB.NS,INDIANB.NS,,,,
,,INDIANCARD.NS,INDIANCARD.NS,,
INDIANHUME.NS,INDIANHUME.NS,,,,
INDIASHLTR.NS,INDIASHLTR.NS,,,,
INDIGO.NS,INDIGO.NS,,,,
INDIGOPNTS.NS,INDIGOPNTS.NS,,,,
,INDNIPPON.NS,,INDNIPPON.NS,,
INDOAMIN.NS,INDOAMIN.NS,,,,
INDOBORAX.NS,INDOBORAX.NS,,,,
INDOCO.NS,INDOCO.NS,,,,
INDOFARM.NS,,,,,
,INDORAMA.NS,,INDORAMA.NS,,
INDOSTAR.NS,INDOSTAR.NS,,,,
INDOTECH.NS,,INDOTECH.NS,,,
,,INDOTHAI.NS,INDOTHAI.NS,,
,,,INDOUS.NS,,
INDOWIND.NS,INDOWIND.NS,,,,
,,INDRAMEDCO.NS,INDRAMEDCO.NS,INDRAMEDCO.NS,
INDSWFTLAB.NS,INDSWFTLAB.NS,,,,
INDSWFTLTD.NS,INDSWFTLTD.NS,,,,
INDTERRAIN.NS,INDTERRAIN.NS,,,,
,INDUSINDBK.NS,,INDUSINDBK.NS,,
,INDUSTOWER.NS,,INDUSTOWER.NS,,
INFIBEAM.NS,INFIBEAM.NS,,,,
INFOBEAN.NS,INFOBEAN.NS,,,,
INFOMEDIA.NS,INFOMEDIA.NS,,,,
,,INFY.NS,INFY.NS,,
INGERRAND.NS,INGERRAND.NS,,,,
INNOVACAP.NS,,INNOVACAP.NS,,,
,INNOVANA.NS,,INNOVANA.NS,,
INOXGREEN.NS,INOXGREEN.NS,,,,
INOXINDIA.NS,INOXINDIA.NS,,,,
,INOXWIND.NS,,INOXWIND.NS,,
INSECTICID.NS,INSECTICID.NS,,,,
INSPIRISYS.NS,INSPIRISYS.NS,,,,
INTELLECT.NS,INTELLECT.NS,,,,
INTENTECH.NS,INTENTECH.NS,,,,
INTERARCH.NS,,,,,
INTLCONV.NS,INTLCONV.NS,,,,
INVENTURE.NS,INVENTURE.NS,,,,
,IOB.NS,,IOB.NS,,
IOC.NS,IOC.NS,,,,
IOLCP.NS,IOLCP.NS,,,,
IONEXCHANG.NS,IONEXCHANG.NS,,,,
,,IPCALAB.NS,IPCALAB.NS,,
IPL.NS,IPL.NS,,,,
,IRB.NS,,IRB.NS,,
IRCON.NS,IRCON.NS,,,,
,IRCTC.NS,,IRCTC.NS,,
,IREDA.NS,,IREDA.NS,,
IRFC.NS,IRFC.NS,,,,
IRIS.NS,,IRIS.NS,,,
IRISDOREME.NS,IRISDOREME.NS,,,,
IRMENERGY.NS,IRMENERGY.NS,,,,
,,ISEC.NS,ISEC.NS,,
,ISFT.NS,,ISFT.NS,,
ISGEC.NS,ISGEC.NS,,,,
ITC.NS,ITC.NS,,,,
ITDC.NS,ITDC.NS,,,,
,,ITDCEM.NS,ITDCEM.NS,,
ITI.NS,,ITI.NS,,,
IVC.NS,IVC.NS,,,,
IVP.NS,IVP.NS,,,,
,IWEL.NS,,IWEL.NS,,
,,,IXIGO.NS,,
IZMO.NS,IZMO.NS,,,,
,J&KBANK.NS,,J&KBANK.NS,,
JAGRAN.NS,JAGRAN.NS,,,,
JAGSNPHARM.NS,,JAGSNPHARM.NS,,,
JAIBALAJI.NS,JAIBALAJI.NS,,,,
JAICORPLTD.NS,JAICORPLTD.NS,,,,
,,JAIPURKURT.NS,JAIPURKURT.NS,,
JAMNAAUTO.NS,JAMNAAUTO.NS,,,,
JASH.NS,,JASH.NS,,,
,JAYAGROGN.NS,,JAYAGROGN.NS,,
JAYBARMARU.NS,JAYBARMARU.NS,,,,
JAYNECOIND.NS,JAYNECOIND.NS,,,,
JAYSREETEA.NS,JAYSREETEA.NS,,,,
JBCHEPHARM.NS,JBCHEPHARM.NS,,,,
,JBMA.NS,,JBMA.NS,,
JCHAC.NS,JCHAC.NS,,,,
JETFREIGHT.NS,JETFREIGHT.NS,,,,
JGCHEM.NS,,JGCHEM.NS,,,
JHS.NS,JHS.NS,,,,
JINDALPHOT.NS,JINDALPHOT.NS,,,,
JINDALPOLY.NS,,JINDALPOLY.NS,,,
JINDALSAW.NS,JINDALSAW.NS,,,,
JINDALSTEL.NS,JINDALSTEL.NS,,,,
,,JINDRILL.NS,JINDRILL.NS,,
,,JINDWORLD.NS,JINDWORLD.NS,,
JIOFIN.NS,JIOFIN.NS,,,,
JISLDVREQS.NS,JISLDVREQS.NS,,,,
JISLJALEQS.NS,JISLJALEQS.NS,,,,
JITFINFRA.NS,JITFINFRA.NS,,,,
,,JKCEMENT.NS,JKCEMENT.NS,,
,JKIL.NS,,JKIL.NS,,
JKLAKSHMI.NS,JKLAKSHMI.NS,,,,
JKPAPER.NS,JKPAPER.NS,,,,
JKTYRE.NS,JKTYRE.NS,,,,
JLHL.NS,,JLHL.NS,,,
JMA.NS,JMA.NS,,,,
JMFINANCIL.NS,JMFINANCIL.NS,,,,
JNKINDIA.NS,JNKINDIA.NS,,,,
,JOCIL.NS,,JOCIL.NS,JOCIL.NS,
JPASSOCIAT.NS,JPASSOCIAT.NS,,,,
JPOLYINVST.NS,JPOLYINVST.NS,,,,
JPPOWER.NS,JPPOWER.NS,,,,
JSFB.NS,JSFB.NS,,,,
JSL.NS,JSL.NS,,,,
JSWENERGY.NS,JSWENERGY.NS,,,,
JSWHL.NS,,JSWHL.NS,,,
JSWINFRA.NS,JSWINFRA.NS,,,,
JSWSTEEL.NS,JSWSTEEL.NS,,,,
JTEKTINDIA.NS,JTEKTINDIA.NS,,,,
,JTLIND.NS,,JTLIND.NS,,
,,JUBLFOOD.NS,JUBLFOOD.NS,,
JUBLINGREA.NS,,JUBLINGREA.NS,,,
,,JUBLPHARMA.NS,JUBLPHARMA.NS,,
JUNIPER.NS,JUNIPER.NS,,,,
JUSTDIAL.NS,JUSTDIAL.NS,,,,
JWL.NS,JWL.NS,,,,
JYOTHYLAB.NS,JYOTHYLAB.NS,,,,
JYOTICNC.NS,JYOTICNC.NS,,,,
JYOTISTRUC.NS,JYOTISTRUC.NS,,,,
KABRAEXTRU.NS,,KABRAEXTRU.NS,,,
KAJARIACER.NS,KAJARIACER.NS,,,,
KAKATCEM.NS,KAKATCEM.NS,,,,
,KALAMANDIR.NS,,KALAMANDIR.NS,,
KALYANIFRG.NS,,KALYANIFRG.NS,,,
,KALYANKJIL.NS,,KALYANKJIL.NS,,
,,KAMATHOTEL.NS,KAMATHOTEL.NS,,
KAMDHENU.NS,KAMDHENU.NS,,,,
KAMOPAINTS.NS,KAMOPAINTS.NS,,,,
KANANIIND.NS,KANANIIND.NS,,,,
,KANORICHEM.NS,,KANORICHEM.NS,,
KANPRPLA.NS,,KANPRPLA.NS,,,
KANSAINER.NS,KANSAINER.NS,,,,
,,KAPSTON.NS,KAPSTON.NS,,
KARMAENG.NS,KARMAENG.NS,,,,
,,KARURVYSYA.NS,KARURVYSYA.NS,,
,,KAUSHALYA.NS,KAUSHALYA.NS,,
,,KAVVERITEL.NS,KAVVERITEL.NS,,
KAYA.NS,KAYA.NS,,,,
KAYNES.NS,,KAYNES.NS,,,
KBCGLOBAL.NS,KBCGLOBAL.NS,,,,
KCP.NS,KCP.NS,,,,
KCPSUGIND.NS,KCPSUGIND.NS,,,,
KDDL.NS,KDDL.NS,,,,
KEC.NS,KEC.NS,,,,
KECL.NS,KECL.NS,,,,
,KEEPLEARN.NS,,KEEPLEARN.NS,,
,KEI.NS,,KEI.NS,,
KELLTONTEC.NS,,KELLTONTEC.NS,,,
KERNEX.NS,,KERNEX.NS,,,
,,KESORAMIND.NS,KESORAMIND.NS,,
KEYFINSERV.NS,KEYFINSERV.NS,,,,
KFINTECH.NS,,KFINTECH.NS,,,
KHADIM.NS,KHADIM.NS,,,,
,KHAICHEM.NS,,KHAICHEM.NS,,
,,KHAITANLTD.NS,KHAITANLTD.NS,,
,KHANDSE.NS,,KHANDSE.NS,,
KICL.NS,KICL.NS,,,,
,KILITCH.NS,,KILITCH.NS,,
,,KIMS.NS,KIMS.NS,,
KINGFA.NS,,KINGFA.NS,,,
KIOCL.NS,KIOCL.NS,,,,
KIRIINDUS.NS,,KIRIINDUS.NS,,,
,KIRLOSBROS.NS,,KIRLOSBROS.NS,,
KIRLOSENG.NS,KIRLOSENG.NS,,,,
KIRLOSIND.NS,KIRLOSIND.NS,,,,
KIRLPNU.NS,KIRLPNU.NS,,,,
,,KITEX.NS,KITEX.NS,,
,KKCL.NS,,KKCL.NS,,
KMEW.NS,,,,,
KMSUGAR.NS,KMSUGAR.NS,,,,
KNRCON.NS,KNRCON.NS,,,KNRCON.NS,
KOHINOOR.NS,KOHINOOR.NS,,,,
KOKUYOCMLN.NS,KOKUYOCMLN.NS,,,,
KOLTEPATIL.NS,KOLTEPATIL.NS,,,,
KOPRAN.NS,KOPRAN.NS,,,,
,,KOTAKBANK.NS,KOTAKBANK.NS,,
KOTARISUG.NS,KOTARISUG.NS,,,,
KOTHARIPET.NS,KOTHARIPET.NS,,,,
,,KOTHARIPRO.NS,KOTHARIPRO.NS,,
KPEL.NS,,,,,
KPIGREEN.NS,KPIGREEN.NS,,,,
KPIL.NS,KPIL.NS,,,,
KPITTECH.NS,KPITTECH.NS,,,,
KPRMILL.NS,,KPRMILL.NS,,,
KRBL.NS,KRBL.NS,,,,
KREBSBIO.NS,,KREBSBIO.NS,,,
KRIDHANINF.NS,,KRIDHANINF.NS,,,
KRISHANA.NS,KRISHANA.NS,,,,
,KRITI.NS,,KRITI.NS,,
KRITIKA.NS,KRITIKA.NS,,,,
KRITINUT.NS,KRITINUT.NS,,,,
KRN.NS,,,,,
KRONOX.NS,,,,,
KROSS.NS,,,,,
KRSNAA.NS,,KRSNAA.NS,,,
KRYSTAL.NS,KRYSTAL.NS,,,,
KSB.NS,KSB.NS,,,,
KSCL.NS,KSCL.NS,,,,
,KSHITIJPOL.NS,,KSHITIJPOL.NS,,
KSL.NS,,KSL.NS,,,
,KSOLVES.NS,,KSOLVES.NS,,
KTKBANK.NS,KTKBANK.NS,,,,
KUANTUM.NS,KUANTUM.NS,,,,
LAGNAM.NS,LAGNAM.NS,,,,
LAKPRE.NS,LAKPRE.NS,,,,
LAL.NS,LAL.NS,,,,
LALPATHLAB.NS,LALPATHLAB.NS,,,,
LAMBODHARA.NS,LAMBODHARA.NS,,,,
LANCORHOL.NS,LANCORHOL.NS,,,,
LANDMARK.NS,LANDMARK.NS,,,,
LAOPALA.NS,LAOPALA.NS,,,,
LASA.NS,LASA.NS,,,,
LATENTVIEW.NS,LATENTVIEW.NS,,,,
LATTEYS.NS,LATTEYS.NS,,,,
LAURUSLABS.NS,,LAURUSLABS.NS,,,
LAXMICOT.NS,LAXMICOT.NS,,,,
LAXMIDENTL.NS,,,,,
LCCINFOTEC.NS,,LCCINFOTEC.NS,,,
LEMONTREE.NS,,LEMONTREE.NS,,,
,LEXUS.NS,,LEXUS.NS,,
LFIC.NS,LFIC.NS,,,,
,LGBBROSLTD.NS,,LGBBROSLTD.NS,,
LGHL.NS,,LGHL.NS,,,
LIBAS.NS,LIBAS.NS,,,,
,LIBERTSHOE.NS,,LIBERTSHOE.NS,,
LICHSGFIN.NS,LICHSGFIN.NS,,,,
LICI.NS,LICI.NS,,,,
LIKHITHA.NS,LIKHITHA.NS,,,,
LINC.NS,LINC.NS,,,,
LINCOLN.NS,,LINCOLN.NS,,,
LINDEINDIA.NS,LINDEINDIA.NS,,,,
LLOYDSENGG.NS,LLOYDSENGG.NS,,,,
,,,LLOYDSENT.NS,,
LLOYDSME.NS,,LLOYDSME.NS,,,
LMW.NS,LMW.NS,,,,
,LODHA.NS,,LODHA.NS,,
LOKESHMACH.NS,LOKESHMACH.NS,,,LOKESHMACH.NS,
LORDSCHLO.NS,,LORDSCHLO.NS,,,
LOTUSEYE.NS,LOTUSEYE.NS,,,,
LOVABLE.NS,LOVABLE.NS,,,,
LOYALTEX.NS,LOYALTEX.NS,,,,
LPDC.NS,LPDC.NS,,,,
LT.NS,LT.NS,,,,
LTF.NS,LTF.NS,,,,
,,LTFOODS.NS,LTFOODS.NS,,
,LTIM.NS,,LTIM.NS,,
,LTTS.NS,,LTTS.NS,,
LUMAXIND.NS,LUMAXIND.NS,,,,
LUMAXTECH.NS,,LUMAXTECH.NS,,,
LUPIN.NS,,LUPIN.NS,,,
LUXIND.NS,LUXIND.NS,,,,
LXCHEM.NS,LXCHEM.NS,,,,
LYKALABS.NS,,LYKALABS.NS,,,
LYPSAGEMS.NS,LYPSAGEMS.NS,,,,
,,M&M.NS,M&M.NS,,
,M&MFIN.NS,,M&MFIN.NS,,
MAANALU.NS,MAANALU.NS,,,,
,MACPOWER.NS,,MACPOWER.NS,MACPOWER.NS,
MADHAV.NS,MADHAV.NS,,,,
MADHUCON.NS,MADHUCON.NS,,,,
MADRASFERT.NS,MADRASFERT.NS,,,,
MAGADSUGAR.NS,MAGADSUGAR.NS,,,,
,MAGNUM.NS,,MAGNUM.NS,,
,MAHABANK.NS,,MAHABANK.NS,,
MAHAPEXLTD.NS,MAHAPEXLTD.NS,,,,
,,MAHASTEEL.NS,MAHASTEEL.NS,,
,MAHEPC.NS,,MAHEPC.NS,,
MAHESHWARI.NS,MAHESHWARI.NS,,,,
MAHLIFE.NS,MAHLIFE.NS,,,,
MAHLOG.NS,MAHLOG.NS,,,,
MAHSCOOTER.NS,MAHSCOOTER.NS,,,,
MAHSEAMLES.NS,MAHSEAMLES.NS,,,,
MAITHANALL.NS,MAITHANALL.NS,,,,
MALLCOM.NS,MALLCOM.NS,,,,
MALUPAPER.NS,MALUPAPER.NS,,,,
MAMATA.NS,,,,,
MANAKALUCO.NS,MANAKALUCO.NS,,,,
MANAKCOAT.NS,,MANAKCOAT.NS,,,
,MANAKSIA.NS,,MANAKSIA.NS,,
MANAKSTEEL.NS,MANAKSTEEL.NS,,,,
MANALIPETC.NS,MANALIPETC.NS,,,,
MANAPPURAM.NS,,MANAPPURAM.NS,,,
MANBA.NS,,,,,
MANCREDIT.NS,,,,,
,MANGALAM.NS,,MANGALAM.NS,,
,,MANGCHEFER.NS,MANGCHEFER.NS,,
MANGLMCEM.NS,MANGLMCEM.NS,,,,
MANINDS.NS,MANINDS.NS,,,,
MANINFRA.NS,,MANINFRA.NS,,,
MANKIND.NS,,MANKIND.NS,,,
,MANOMAY.NS,,MANOMAY.NS,,
,,MANORAMA.NS,MANORAMA.NS,,
,MANORG.NS,,MANORG.NS,,
MANUGRAPH.NS,MANUGRAPH.NS,,,,
MANYAVAR.NS,MANYAVAR.NS,,,,
,MAPMYINDIA.NS,,MAPMYINDIA.NS,,
,,MARALOVER.NS,MARALOVER.NS,,
,MARATHON.NS,,MARATHON.NS,MARATHON.NS,
,MARICO.NS,,MARICO.NS,,
MARINE.NS,MARINE.NS,,,,
,,MARKSANS.NS,MARKSANS.NS,,
,MARSHALL.NS,,MARSHALL.NS,,
,,MARUTI.NS,MARUTI.NS,,
MASFIN.NS,MASFIN.NS,,,,
,,MASKINVEST.NS,MASKINVEST.NS,,
MASTEK.NS,MASTEK.NS,,,,
MASTERTR.NS,,,,,
MATRIMONY.NS,MATRIMONY.NS,,,,
MAWANASUG.NS,MAWANASUG.NS,,,,
MAXESTATES.NS,MAXESTATES.NS,,,,
MAXHEALTH.NS,,MAXHEALTH.NS,,,
,MAXIND.NS,,MAXIND.NS,,
MAYURUNIQ.NS,MAYURUNIQ.NS,,,,
MAZDA.NS,,MAZDA.NS,,,
MAZDOCK.NS,,MAZDOCK.NS,,,
,,MBAPL.NS,MBAPL.NS,,
,MBLINFRA.NS,,MBLINFRA.NS,,
MCL.NS,,MCL.NS,,,
,,MCLEODRUSS.NS,MCLEODRUSS.NS,,
,,MCX.NS,MCX.NS,,
MEDANTA.NS,MEDANTA.NS,,,,
MEDIASSIST.NS,MEDIASSIST.NS,,,,
,,MEDICAMEQ.NS,MEDICAMEQ.NS,,
,,MEDICO.NS,MEDICO.NS,,
,,MEDPLUS.NS,MEDPLUS.NS,,
MEGASOFT.NS,,MEGASOFT.NS,,,
,MEGASTAR.NS,,MEGASTAR.NS,,
MENONBE.NS,MENONBE.NS,,,,
,MEP.NS,,MEP.NS,MEP.NS,
METROBRAND.NS,METROBRAND.NS,,,,
METROPOLIS.NS,METROPOLIS.NS,,,,
,,,MFML.NS,,
,MFSL.NS,,MFSL.NS,,
MGEL.NS,,MGEL.NS,,,
,MGL.NS,,MGL.NS,,
,,MHLXMIRU.NS,MHLXMIRU.NS,,
MHRIL.NS,MHRIL.NS,,,,
MICEL.NS,MICEL.NS,,,,
MIDHANI.NS,MIDHANI.NS,,,,
MINDACORP.NS,,MINDACORP.NS,,,
MINDTECK.NS,MINDTECK.NS,,,,
MIRCELECTR.NS,MIRCELECTR.NS,,,,
,MIRZAINT.NS,,MIRZAINT.NS,,
MITCON.NS,MITCON.NS,,,,
,,MITTAL.NS,MITTAL.NS,,
MKPL.NS,MKPL.NS,,,,
MMFL.NS,MMFL.NS,,,,
,MMP.NS,,MMP.NS,,
MMTC.NS,MMTC.NS,,,,
MOBIKWIK.NS,,,,MOBIKWIK.NS,
MODIRUBBER.NS,MODIRUBBER.NS,,,,
MODISONLTD.NS,MODISONLTD.NS,,,,
MODTHREAD.NS,MODTHREAD.NS,,,,
MOHITIND.NS,,MOHITIND.NS,,,
MOIL.NS,MOIL.NS,,,,
MOKSH.NS,MOKSH.NS,,,,
MOL.NS,MOL.NS,,,,
MOLDTECH.NS,MOLDTECH.NS,,,,
,MOLDTKPAC.NS,,MOLDTKPAC.NS,,
MONARCH.NS,,MONARCH.NS,,,
MONTECARLO.NS,MONTECARLO.NS,,,,
MORARJEE.NS,MORARJEE.NS,,,,
MOREPENLAB.NS,MOREPENLAB.NS,,,,
MOTHERSON.NS,MOTHERSON.NS,,,,
MOTILALOFS.NS,MOTILALOFS.NS,,,,
MOTISONS.NS,,MOTISONS.NS,,,
MOTOGENFIN.NS,MOTOGENFIN.NS,,,,
,MPHASIS.NS,,MPHASIS.NS,,
MPSLTD.NS,,MPSLTD.NS,,,
MRF.NS,MRF.NS,,,,
MRO-TEK.NS,MRO-TEK.NS,,,,
MRPL.NS,MRPL.NS,,,,
MSPL.NS,MSPL.NS,,,,
MSTCLTD.NS,MSTCLTD.NS,,,,
MSUMI.NS,MSUMI.NS,,,,
MTARTECH.NS,MTARTECH.NS,,,,
MTEDUCARE.NS,MTEDUCARE.NS,,,,MTEDUCARE.NS
,MTNL.NS,,MTNL.NS,,
MUFIN.NS,MUFIN.NS,,,,
MUFTI.NS,MUFTI.NS,,,,
MUKANDLTD.NS,MUKANDLTD.NS,,,,
MUKKA.NS,MUKKA.NS,,,,
MUKTAARTS.NS,,MUKTAARTS.NS,,,
MUNJALAU.NS,MUNJALAU.NS,,,,
,MUNJALSHOW.NS,,MUNJALSHOW.NS,,
MURUDCERA.NS,MURUDCERA.NS,,,,
MUTHOOTCAP.NS,MUTHOOTCAP.NS,,,,
,,MUTHOOTFIN.NS,MUTHOOTFIN.NS,,
MUTHOOTMF.NS,MUTHOOTMF.NS,,,MUTHOOTMF.NS,
MVGJL.NS,,MVGJL.NS,,,
NACLIND.NS,,NACLIND.NS,,,
NAGAFERT.NS,NAGAFERT.NS,,,,
NAGREEKCAP.NS,,NAGREEKCAP.NS,,,
NAGREEKEXP.NS,NAGREEKEXP.NS,,,,
NAHARCAP.NS,NAHARCAP.NS,,,,
NAHARINDUS.NS,NAHARINDUS.NS,,,,
NAHARPOLY.NS,NAHARPOLY.NS,,,,
NAHARSPING.NS,NAHARSPING.NS,,,,
NAM-INDIA.NS,NAM-INDIA.NS,,,,
,,NARMADA.NS,NARMADA.NS,,
NATCOPHARM.NS,NATCOPHARM.NS,,,,
NATHBIOGEN.NS,NATHBIOGEN.NS,,,,
NATIONALUM.NS,NATIONALUM.NS,,,,
,,NAUKRI.NS,NAUKRI.NS,,
NAVA.NS,NAVA.NS,,,,
NAVINFLUOR.NS,,NAVINFLUOR.NS,,,
NAVKARCORP.NS,NAVKARCORP.NS,,,,
,,,NAVKARURB.NS,,
NAVNETEDUL.NS,NAVNETEDUL.NS,,,,
NAZARA.NS,,NAZARA.NS,,,
NBCC.NS,NBCC.NS,,,,
NBIFIN.NS,,NBIFIN.NS,,,
NCC.NS,NCC.NS,,,,
NCLIND.NS,NCLIND.NS,,,,
NDGL.NS,NDGL.NS,,,,
NDL.NS,NDL.NS,,,,
NDLVENTURE.NS,NDLVENTURE.NS,,,,
,,NDRAUTO.NS,NDRAUTO.NS,,
NDTV.NS,NDTV.NS,,,,
NECCLTD.NS,NECCLTD.NS,,,,
NECLIFE.NS,NECLIFE.NS,,,,
,NELCAST.NS,,NELCAST.NS,,
NELCO.NS,,NELCO.NS,,,
NEOGEN.NS,,NEOGEN.NS,,,
NESCO.NS,,NESCO.NS,,,
,NESTLEIND.NS,,NESTLEIND.NS,,
NETWEB.NS,NETWEB.NS,,,,
NETWORK18.NS,NETWORK18.NS,,,,
NEULANDLAB.NS,,NEULANDLAB.NS,,,
NEWGEN.NS,,NEWGEN.NS,,,
NEXTMEDIA.NS,NEXTMEDIA.NS,,,,
NFL.NS,NFL.NS,,,,
,NGIL.NS,,NGIL.NS,,
NGLFINE.NS,NGLFINE.NS,,,,
NH.NS,,NH.NS,,,
NHPC.NS,NHPC.NS,,,,
NIACL.NS,NIACL.NS,,,,
NIBL.NS,NIBL.NS,,,,
NIITLTD.NS,NIITLTD.NS,,,,
,NIITMTS.NS,,NIITMTS.NS,,
NILAINFRA.NS,NILAINFRA.NS,,,,
NILASPACES.NS,,NILASPACES.NS,,,
NILKAMAL.NS,NILKAMAL.NS,,,,
NINSYS.NS,NINSYS.NS,,,,
NIPPOBATRY.NS,NIPPOBATRY.NS,,,,
NIRAJ.NS,,NIRAJ.NS,,,
,,NIRAJISPAT.NS,NIRAJISPAT.NS,,NIRAJISPAT.NS
NITCO.NS,,NITCO.NS,,,
NITINSPIN.NS,NITINSPIN.NS,,,,
NITIRAJ.NS,,NITIRAJ.NS,,,
,,,NIVABUPA.NS,,
,,NKIND.NS,NKIND.NS,,
NLCINDIA.NS,NLCINDIA.NS,,,,
NMDC.NS,NMDC.NS,,,,
NOCIL.NS,NOCIL.NS,,,,
NOIDATOLL.NS,NOIDATOLL.NS,,,NOIDATOLL.NS,
NORBTEAEXP.NS,,NORBTEAEXP.NS,,,NORBTEAEXP.NS
NORTHARC.NS,,,,,
NOVAAGRI.NS,NOVAAGRI.NS,,,,
,NRAIL.NS,,NRAIL.NS,,
NRBBEARING.NS,NRBBEARING.NS,,,,
,NRL.NS,,NRL.NS,,
NSIL.NS,,NSIL.NS,,,
NSLNISP.NS,NSLNISP.NS,,,,
NTPC.NS,NTPC.NS,,,,
,,,NTPCGREEN.NS,,
NUCLEUS.NS,NUCLEUS.NS,,,,
,,NURECA.NS,NURECA.NS,,
NUVAMA.NS,NUVAMA.NS,,,,
NUVOCO.NS,NUVOCO.NS,,,,
NYKAA.NS,NYKAA.NS,,,,
OAL.NS,OAL.NS,,,,
,OBCL.NS,,OBCL.NS,,
OBEROIRLTY.NS,OBEROIRLTY.NS,,,,
OCCL.NS,OCCL.NS,,,,
,,,OCCLLTD.NS,,
ODIGMA.NS,,,,,
,OFSS.NS,,OFSS.NS,OFSS.NS,
OIL.NS,OIL.NS,,,,
,,OILCOUNTUB.NS,OILCOUNTUB.NS,,
OLAELEC.NS,,,,,
OLECTRA.NS,OLECTRA.NS,,,,
OMAXAUTO.NS,OMAXAUTO.NS,,,,
OMAXE.NS,OMAXE.NS,,,,
OMINFRAL.NS,OMINFRAL.NS,,,,
,OMKARCHEM.NS,,OMKARCHEM.NS,,
ONELIFECAP.NS,ONELIFECAP.NS,,,,
ONEPOINT.NS,ONEPOINT.NS,,,,
ONGC.NS,ONGC.NS,,,,
ONMOBILE.NS,ONMOBILE.NS,,,,
,ONWARDTEC.NS,,ONWARDTEC.NS,,
OPTIEMUS.NS,,OPTIEMUS.NS,,,
ORBTEXP.NS,,ORBTEXP.NS,,,
ORCHPHARMA.NS,,ORCHPHARMA.NS,,,
,,ORICONENT.NS,ORICONENT.NS,,
,ORIENTALTL.NS,,ORIENTALTL.NS,,
ORIENTBELL.NS,ORIENTBELL.NS,,,,
ORIENTCEM.NS,,ORIENTCEM.NS,,,
,ORIENTCER.NS,,ORIENTCER.NS,,
ORIENTELEC.NS,ORIENTELEC.NS,,,,
ORIENTHOT.NS,ORIENTHOT.NS,,,,
ORIENTLTD.NS,ORIENTLTD.NS,,,,
ORIENTPPR.NS,ORIENTPPR.NS,,,,
ORIENTTECH.NS,,,,,
ORISSAMINE.NS,ORISSAMINE.NS,,,,
ORTEL.NS,,ORTEL.NS,,,
ORTINGLOBE.NS,,,,,
OSIAHYPER.NS,OSIAHYPER.NS,,,,
,,OSWALAGRO.NS,OSWALAGRO.NS,,
OSWALGREEN.NS,OSWALGREEN.NS,,,,
OSWALSEEDS.NS,OSWALSEEDS.NS,,,,
PAGEIND.NS,,PAGEIND.NS,,,
PAISALO.NS,PAISALO.NS,,,,
PAKKA.NS,PAKKA.NS,,,,
PALASHSECU.NS,PALASHSECU.NS,,,,
,PALREDTEC.NS,,PALREDTEC.NS,PALREDTEC.NS,
PANACEABIO.NS,,PANACEABIO.NS,,,
PANACHE.NS,,PANACHE.NS,,,
PANAMAPET.NS,PANAMAPET.NS,,,,
,,PANSARI.NS,PANSARI.NS,,
,PAR.NS,,PAR.NS,PAR.NS,
PARACABLES.NS,PARACABLES.NS,,,,
PARADEEP.NS,,PARADEEP.NS,,,
PARAGMILK.NS,PARAGMILK.NS,,,,
PARAS.NS,PARAS.NS,,,,
PARASPETRO.NS,PARASPETRO.NS,,,,
PARKHOTELS.NS,,PARKHOTELS.NS,,,
,,PARSVNATH.NS,PARSVNATH.NS,,
,PASUPTAC.NS,,PASUPTAC.NS,,
,,PATANJALI.NS,PATANJALI.NS,,
PATELENG.NS,PATELENG.NS,,,,
,PATINTLOG.NS,,PATINTLOG.NS,,
,PAVNAIND.NS,,PAVNAIND.NS,,
PAYTM.NS,,PAYTM.NS,,,
PCBL.NS,PCBL.NS,,,,
PCJEWELLER.NS,,PCJEWELLER.NS,,,
PDMJEPAPER.NS,,PDMJEPAPER.NS,,,
PDSL.NS,PDSL.NS,,,,
PEARLPOLY.NS,PEARLPOLY.NS,,,,
PEL.NS,PEL.NS,,,,
PENIND.NS,PENIND.NS,,,,
PENINLAND.NS,PENINLAND.NS,,,,
,,PERSISTENT.NS,PERSISTENT.NS,,
PETRONET.NS,PETRONET.NS,,,,
PFC.NS,PFC.NS,,,,
PFIZER.NS,PFIZER.NS,,,,
PFOCUS.NS,PFOCUS.NS,,,,
,PFS.NS,,PFS.NS,,
PGEL.NS,,PGEL.NS,,,
PGHH.NS,PGHH.NS,,,,
,,PGHL.NS,PGHL.NS,,
PGIL.NS,,PGIL.NS,,,
PHOENIXLTD.NS,PHOENIXLTD.NS,,,,
PIDILITIND.NS,PIDILITIND.NS,,,,
,,PIGL.NS,PIGL.NS,PIGL.NS,
PIIND.NS,PIIND.NS,,,,
PILANIINVS.NS,PILANIINVS.NS,,,,
,,PILITA.NS,PILITA.NS,,
,PIONEEREMB.NS,,PIONEEREMB.NS,,
PITTIENG.NS,PITTIENG.NS,,,,
PIXTRANS.NS,,PIXTRANS.NS,,,
PKTEA.NS,,PKTEA.NS,,,
PLASTIBLEN.NS,PLASTIBLEN.NS,,,,
PLATIND.NS,PLATIND.NS,,,,
PLAZACABLE.NS,PLAZACABLE.NS,,,,
,PNB.NS,,PNB.NS,,
PNBGILTS.NS,PNBGILTS.NS,,,,
PNBHOUSING.NS,PNBHOUSING.NS,,,,
PNC.NS,PNC.NS,,,PNC.NS,
PNCINFRA.NS,PNCINFRA.NS,,,,
PNGJL.NS,,,,,
,POCL.NS,,POCL.NS,,
PODDARMENT.NS,PODDARMENT.NS,,,,
POKARNA.NS,,POKARNA.NS,,,
,,POLICYBZR.NS,POLICYBZR.NS,,
,POLYCAB.NS,,POLYCAB.NS,,
POLYMED.NS,,POLYMED.NS,,,
POLYPLEX.NS,,POLYPLEX.NS,,,
PONNIERODE.NS,PONNIERODE.NS,,,,
POONAWALLA.NS,POONAWALLA.NS,,,,
POWERGRID.NS,POWERGRID.NS,,,,
POWERINDIA.NS,POWERINDIA.NS,,,,
POWERMECH.NS,POWERMECH.NS,,,,
PPAP.NS,PPAP.NS,,,,
PPL.NS,PPL.NS,,,,
PPLPHARMA.NS,,PPLPHARMA.NS,,,
PRAENG.NS,PRAENG.NS,,,,
PRAJIND.NS,PRAJIND.NS,,,,
PRAKASH.NS,PRAKASH.NS,,,,
PRAKASHSTL.NS,PRAKASHSTL.NS,,,,
PRAXIS.NS,PRAXIS.NS,,,,
PRECAM.NS,,PRECAM.NS,,,
PRECOT.NS,,PRECOT.NS,,,
PRECWIRE.NS,PRECWIRE.NS,,,,
PREMEXPLN.NS,PREMEXPLN.NS,,,,
,PREMIER.NS,,PREMIER.NS,,
PREMIERENE.NS,,,,,
PREMIERPOL.NS,,PREMIERPOL.NS,,,
PRESTIGE.NS,PRESTIGE.NS,,,,
PRICOLLTD.NS,,PRICOLLTD.NS,,,
PRIMESECU.NS,PRIMESECU.NS,,,,
PRINCEPIPE.NS,PRINCEPIPE.NS,,,,
,PRITI.NS,,PRITI.NS,,
PRITIKAUTO.NS,PRITIKAUTO.NS,,,,
PRIVISCL.NS,,PRIVISCL.NS,,,
,,PROZONER.NS,PROZONER.NS,,
PRSMJOHNSN.NS,PRSMJOHNSN.NS,,,,
PRUDENT.NS,PRUDENT.NS,,,,
,,PRUDMOULI.NS,PRUDMOULI.NS,,
,PSB.NS,,PSB.NS,,
PSPPROJECT.NS,PSPPROJECT.NS,,,,
PTC.NS,PTC.NS,,,,
PTCIL.NS,,PTCIL.NS,,,
PTL.NS,PTL.NS,,,,
PUNJABCHEM.NS,PUNJABCHEM.NS,,,,
PURVA.NS,PURVA.NS,,,,
,PVP.NS,,PVP.NS,,
PVRINOX.NS,PVRINOX.NS,,,,
,PVSL.NS,,PVSL.NS,PVSL.NS,
,PYRAMID.NS,,PYRAMID.NS,,
QUADFUTURE.NS,,,,,
QUESS.NS,QUESS.NS,,,,
QUICKHEAL.NS,QUICKHEAL.NS,,,QUICKHEAL.NS,
,RACE.NS,,RACE.NS,,
RACLGEAR.NS,,,,,
,,RADAAN.NS,RADAAN.NS,RADAAN.NS,
,,RADHIKAJWE.NS,RADHIKAJWE.NS,,
RADIANTCMS.NS,RADIANTCMS.NS,,,,
RADICO.NS,,RADICO.NS,,,
RADIOCITY.NS,RADIOCITY.NS,,,,
RAILTEL.NS,RAILTEL.NS,,,,
RAIN.NS,RAIN.NS,,,,
RAINBOW.NS,,RAINBOW.NS,,,
RAJESHEXPO.NS,RAJESHEXPO.NS,,,,
,RAJMET.NS,,RAJMET.NS,RAJMET.NS,
,RAJRATAN.NS,,RAJRATAN.NS,,
,RAJRILTD.NS,,RAJRILTD.NS,,
RAJSREESUG.NS,RAJSREESUG.NS,,,,
,,RAJTV.NS,RAJTV.NS,,
RALLIS.NS,RALLIS.NS,,,,
,,RAMANEWS.NS,RAMANEWS.NS,,
RAMAPHO.NS,,RAMAPHO.NS,,,
RAMASTEEL.NS,RAMASTEEL.NS,,,,
RAMCOCEM.NS,,RAMCOCEM.NS,,,
RAMCOIND.NS,RAMCOIND.NS,,,,
RAMCOSYS.NS,RAMCOSYS.NS,,,,
RAMKY.NS,RAMKY.NS,,,,
,,RAMRAT.NS,RAMRAT.NS,,
RANASUG.NS,RANASUG.NS,,,,
RANEENGINE.NS,RANEENGINE.NS,,,,
RANEHOLDIN.NS,RANEHOLDIN.NS,,,,
RATEGAIN.NS,RATEGAIN.NS,,,,
RATNAMANI.NS,RATNAMANI.NS,,,,
RATNAVEER.NS,RATNAVEER.NS,,,,
RAYMOND.NS,RAYMOND.NS,,,,
RAYMONDLSL.NS,,,,,
,RBA.NS,,RBA.NS,,
RBL.NS,RBL.NS,,,,
RBLBANK.NS,RBLBANK.NS,,,,
,,RBZJEWEL.NS,RBZJEWEL.NS,,
RCF.NS,RCF.NS,,,,
RECLTD.NS,RECLTD.NS,,,,
,,REDINGTON.NS,REDINGTON.NS,,
,REDTAPE.NS,,REDTAPE.NS,,
REFEX.NS,,REFEX.NS,,,
,REGENCERAM.NS,,REGENCERAM.NS,,
RELAXO.NS,RELAXO.NS,,,,
RELCHEMQ.NS,RELCHEMQ.NS,,,,
,RELIABLE.NS,,RELIABLE.NS,,
RELIANCE.NS,RELIANCE.NS,,,,
RELIGARE.NS,RELIGARE.NS,,,,
,,RELINFRA.NS,RELINFRA.NS,,
,,,RELTD.NS,,
REMSONSIND.NS,REMSONSIND.NS,,,,
RENUKA.NS,RENUKA.NS,,,,
REPCOHOME.NS,REPCOHOME.NS,,,,
,,REPL.NS,REPL.NS,REPL.NS,
REPRO.NS,REPRO.NS,,,,
RESPONIND.NS,RESPONIND.NS,,,,
RETAIL.NS,,,,,
RGL.NS,,RGL.NS,,,
,RHFL.NS,,RHFL.NS,,
RHIM.NS,RHIM.NS,,,,
,,RHL.NS,RHL.NS,,
RICOAUTO.NS,RICOAUTO.NS,,,,
RIIL.NS,RIIL.NS,,,,
RISHABH.NS,RISHABH.NS,,,,
RITCO.NS,,RITCO.NS,,,
RITES.NS,RITES.NS,,,,
RKDL.NS,RKDL.NS,,,,
RKEC.NS,RKEC.NS,,,,
RKFORGE.NS,RKFORGE.NS,,,,
,RKSWAMY.NS,,RKSWAMY.NS,,
RML.NS,RML.NS,,,,
ROHLTD.NS,,ROHLTD.NS,,,
ROLEXRINGS.NS,ROLEXRINGS.NS,,,,
ROLLT.NS,ROLLT.NS,,,,
,ROLTA.NS,,ROLTA.NS,,
,ROML.NS,,ROML.NS,,
ROSSARI.NS,ROSSARI.NS,,,,
ROSSELLIND.NS,ROSSELLIND.NS,,,,
ROSSTECH.NS,,,,,
ROTO.NS,ROTO.NS,,,,
ROUTE.NS,ROUTE.NS,,,,
RPEL.NS,,,,,
,,RPGLIFE.NS,RPGLIFE.NS,,
,,RPOWER.NS,RPOWER.NS,,
RPPINFRA.NS,RPPINFRA.NS,,,,
,RPPL.NS,,RPPL.NS,,
RPSGVENT.NS,,RPSGVENT.NS,,,
RPTECH.NS,RPTECH.NS,,,,
,RRKABEL.NS,,RRKABEL.NS,RRKABEL.NS,
RSSOFTWARE.NS,RSSOFTWARE.NS,,,RSSOFTWARE.NS,
RSWM.NS,RSWM.NS,,,,
RSYSTEMS.NS,RSYSTEMS.NS,,,,
RTNINDIA.NS,RTNINDIA.NS,,,,
RTNPOWER.NS,RTNPOWER.NS,,,,
RUBFILA.NS,,,,,
RUBYMILLS.NS,RUBYMILLS.NS,,,,
,RUCHINFRA.NS,,RUCHINFRA.NS,,
RUCHIRA.NS,RUCHIRA.NS,,,,
RUPA.NS,RUPA.NS,,,,
,RUSHIL.NS,,RUSHIL.NS,,
RUSTOMJEE.NS,RUSTOMJEE.NS,,,,
RVHL.NS,,RVHL.NS,,,
,RVNL.NS,,RVNL.NS,,
,,,RVTH.NS,RVTH.NS,
,S&SPOWER.NS,,S&SPOWER.NS,,
SABEVENTS.NS,SABEVENTS.NS,,,SABEVENTS.NS,
SABTNL.NS,SABTNL.NS,,,,
SADBHAV.NS,SADBHAV.NS,,,,
SADBHIN.NS,SADBHIN.NS,,,,
SADHNANIQ.NS,SADHNANIQ.NS,,,,
SAFARI.NS,SAFARI.NS,,,,
,,SAGARDEEP.NS,SAGARDEEP.NS,,
SAGCEM.NS,SAGCEM.NS,,,,
,,,SAGILITY.NS,,
SAH.NS,SAH.NS,,,,SAH.NS
SAHYADRI.NS,SAHYADRI.NS,,,,
SAIL.NS,SAIL.NS,,,,
SAILIFE.NS,,,,,
SAKAR.NS,SAKAR.NS,,,,
SAKHTISUG.NS,SAKHTISUG.NS,,,,
,SAKSOFT.NS,,SAKSOFT.NS,,
SAKUMA.NS,SAKUMA.NS,,,,
,SALASAR.NS,,SALASAR.NS,SALASAR.NS,
,SALONA.NS,,SALONA.NS,,
SALSTEEL.NS,SALSTEEL.NS,,,,
SALZERELEC.NS,,SALZERELEC.NS,,,
,,SAMBHAAV.NS,SAMBHAAV.NS,,
SAMHI.NS,SAMHI.NS,,,,
SAMMAANCAP.NS,SAMMAANCAP.NS,,,,
SAMPANN.NS,,SAMPANN.NS,,,
SANATHAN.NS,,,,,
SANCO.NS,SANCO.NS,,,,
SANDESH.NS,SANDESH.NS,,,,
SANDHAR.NS,SANDHAR.NS,,,,
SANDUMA.NS,SANDUMA.NS,,,,
SANGAMIND.NS,SANGAMIND.NS,,,,
SANGHIIND.NS,SANGHIIND.NS,,,,
SANGHVIMOV.NS,SANGHVIMOV.NS,,,,
,SANGINITA.NS,,SANGINITA.NS,,
SANOFI.NS,SANOFI.NS,,,,
SANOFICONR.NS,,,,,
SANSERA.NS,SANSERA.NS,,,,
SANSTAR.NS,,,,,
,SANWARIA.NS,,SANWARIA.NS,,
SAPPHIRE.NS,SAPPHIRE.NS,,,,
,,SARDAEN.NS,SARDAEN.NS,,
,SAREGAMA.NS,,SAREGAMA.NS,,
SARLAPOLY.NS,SARLAPOLY.NS,,,,
SARVESHWAR.NS,SARVESHWAR.NS,,,,
SASKEN.NS,,SASKEN.NS,,,
,SASTASUNDR.NS,,SASTASUNDR.NS,,
SATIA.NS,SATIA.NS,,,,
SATIN.NS,SATIN.NS,,,,
,SATINDLTD.NS,,SATINDLTD.NS,,
SAURASHCEM.NS,SAURASHCEM.NS,,,,
SBC.NS,SBC.NS,,,,
SBCL.NS,SBCL.NS,,,,
SBFC.NS,,SBFC.NS,,,
,SBGLP.NS,,SBGLP.NS,SBGLP.NS,
,,SBICARD.NS,SBICARD.NS,,
,SBILIFE.NS,,SBILIFE.NS,,
SBIN.NS,SBIN.NS,,,,
SCHAEFFLER.NS,SCHAEFFLER.NS,,,,
,SCHAND.NS,,SCHAND.NS,,
SCHNEIDER.NS,SCHNEIDER.NS,,,,
SCI.NS,SCI.NS,,,,
SCILAL.NS,SCILAL.NS,,,,
SCPL.NS,SCPL.NS,,,,
SDBL.NS,SDBL.NS,,,,
SEAMECLTD.NS,SEAMECLTD.NS,,,,
,SECMARK.NS,,SECMARK.NS,,
,SECURKLOUD.NS,,SECURKLOUD.NS,,
SEJALLTD.NS,,SEJALLTD.NS,,,
SELAN.NS,SELAN.NS,,,,
,SELMC.NS,,SELMC.NS,,
SEMAC.NS,SEMAC.NS,,,,
SENCO.NS,SENCO.NS,,,SENCO.NS,
SENORES.NS,,,,,
SEPC.NS,SEPC.NS,,,,
SEQUENT.NS,,SEQUENT.NS,,,
SERVOTECH.NS,SERVOTECH.NS,,,,
SESHAPAPER.NS,SESHAPAPER.NS,,,,
,,SETCO.NS,SETCO.NS,,
SETUINFRA.NS,SETUINFRA.NS,,,,
,SEYAIND.NS,,SEYAIND.NS,SEYAIND.NS,
SFL.NS,SFL.NS,,,,
,,SGIL.NS,SGIL.NS,,
SGL.NS,SGL.NS,,,,
SGLTL.NS,,,,,
,SHAH.NS,,SHAH.NS,,
,SHAHALLOYS.NS,,SHAHALLOYS.NS,,
SHAILY.NS,,SHAILY.NS,,,
SHAKTIPUMP.NS,,SHAKTIPUMP.NS,,,
SHALBY.NS,SHALBY.NS,,,,
SHALPAINTS.NS,SHALPAINTS.NS,,,,
SHANKARA.NS,SHANKARA.NS,,,,
SHANTI.NS,SHANTI.NS,,,,
SHANTIGEAR.NS,SHANTIGEAR.NS,,,,
SHARDACROP.NS,,SHARDACROP.NS,,,
SHARDAMOTR.NS,SHARDAMOTR.NS,,,,
,SHAREINDIA.NS,,SHAREINDIA.NS,,
SHEKHAWATI.NS,,,,,
,SHEMAROO.NS,,SHEMAROO.NS,,
SHILPAMED.NS,SHILPAMED.NS,,,,
,,SHIVALIK.NS,SHIVALIK.NS,,
SHIVAMAUTO.NS,SHIVAMAUTO.NS,,,,
,SHIVAMILLS.NS,,SHIVAMILLS.NS,,
,,SHIVATEX.NS,SHIVATEX.NS,,
SHK.NS,SHK.NS,,,,
SHOPERSTOP.NS,SHOPERSTOP.NS,,,,
SHRADHA.NS,,SHRADHA.NS,,,
SHREDIGCEM.NS,SHREDIGCEM.NS,,,,
,,SHREECEM.NS,SHREECEM.NS,,
,,SHREEPUSHK.NS,SHREEPUSHK.NS,,
SHREERAMA.NS,,SHREERAMA.NS,,,
SHRENIK.NS,SHRENIK.NS,,,,
SHREYANIND.NS,SHREYANIND.NS,,,,
,SHRIPISTON.NS,,SHRIPISTON.NS,,
SHRIRAMFIN.NS,SHRIRAMFIN.NS,,,,
SHRIRAMPPS.NS,SHRIRAMPPS.NS,,,,
SHYAMCENT.NS,SHYAMCENT.NS,,,,
SHYAMMETL.NS,SHYAMMETL.NS,,,,
SHYAMTEL.NS,SHYAMTEL.NS,,,,
,,,SICALLOG.NS,,
SIEMENS.NS,SIEMENS.NS,,,,
SIGACHI.NS,SIGACHI.NS,,,,
,SIGIND.NS,,SIGIND.NS,,
SIGMA.NS,SIGMA.NS,,,,
,SIGNATURE.NS,,SIGNATURE.NS,,
SIGNPOST.NS,,SIGNPOST.NS,,,
SIKKO.NS,SIKKO.NS,,,,
SIL.NS,SIL.NS,,,,
SILGO.NS,SILGO.NS,,,,
SILINV.NS,SILINV.NS,,,,
SILLYMONKS.NS,SILLYMONKS.NS,,,,
,SILVERTUC.NS,,SILVERTUC.NS,,
SIMBHALS.NS,SIMBHALS.NS,,,,
,,SIMPLEXINF.NS,SIMPLEXINF.NS,,
SINCLAIR.NS,SINCLAIR.NS,,,,
SINDHUTRAD.NS,SINDHUTRAD.NS,,,,
SINTERCOM.NS,,SINTERCOM.NS,,,
,SIRCA.NS,,SIRCA.NS,,
SIS.NS,SIS.NS,,,,
SITINET.NS,SITINET.NS,,,,
SIYSIL.NS,,SIYSIL.NS,,,
SJS.NS,SJS.NS,,,,
SJVN.NS,SJVN.NS,,,,
SKFINDIA.NS,SKFINDIA.NS,,,,
SKIPPER.NS,SKIPPER.NS,,,,
SKMEGGPROD.NS,SKMEGGPROD.NS,,,,
SKYGOLD.NS,,SKYGOLD.NS,,,
,SMARTLINK.NS,,SMARTLINK.NS,SMARTLINK.NS,
SMCGLOBAL.NS,SMCGLOBAL.NS,,,,
SMLISUZU.NS,SMLISUZU.NS,,,,
SMLT.NS,SMLT.NS,,,,
,,SMSLIFE.NS,SMSLIFE.NS,,
SMSPHARMA.NS,SMSPHARMA.NS,,,,
SNOWMAN.NS,SNOWMAN.NS,,,,
SOBHA.NS,SOBHA.NS,,,,
SOFTTECH.NS,,SOFTTECH.NS,,,
SOLARA.NS,SOLARA.NS,,,,
SOLARINDS.NS,SOLARINDS.NS,,,,
SOMANYCERA.NS,SOMANYCERA.NS,,,,
SOMATEX.NS,,SOMATEX.NS,,,
SOMICONVEY.NS,,SOMICONVEY.NS,,,
SONACOMS.NS,SONACOMS.NS,,,,
SONAMLTD.NS,SONAMLTD.NS,,,,
SONATSOFTW.NS,SONATSOFTW.NS,,,,
SOTL.NS,SOTL.NS,,,,
SOUTHBANK.NS,SOUTHBANK.NS,,,,
,,SOUTHWEST.NS,SOUTHWEST.NS,,
SPAL.NS,SPAL.NS,,,,
SPANDANA.NS,SPANDANA.NS,,,,
SPARC.NS,SPARC.NS,,,,
SPCENET.NS,SPCENET.NS,,,,
,SPECIALITY.NS,,SPECIALITY.NS,,
,SPENCERS.NS,,SPENCERS.NS,,
SPIC.NS,SPIC.NS,,,,
SPLIL.NS,SPLIL.NS,,,,
SPLPETRO.NS,SPLPETRO.NS,,,,
SPMLINFRA.NS,SPMLINFRA.NS,,,,
SPORTKING.NS,SPORTKING.NS,,,,
SRD.NS,,,,,
SREEL.NS,SREEL.NS,,,,
,,SRF.NS,SRF.NS,,
SRGHFL.NS,SRGHFL.NS,,,,
SRHHYPOLTD.NS,SRHHYPOLTD.NS,,,,
,,SRM.NS,SRM.NS,,
SRPL.NS,SRPL.NS,,,,
,,,SSDL.NS,,
SSWL.NS,SSWL.NS,,,,
STANLEY.NS,,,,,
,STAR.NS,,STAR.NS,,
STARCEMENT.NS,,STARCEMENT.NS,,,
STARHEALTH.NS,STARHEALTH.NS,,,STARHEALTH.NS,
STARPAPER.NS,STARPAPER.NS,,,,
STARTECK.NS,,STARTECK.NS,,,
STCINDIA.NS,STCINDIA.NS,,,,
STEELCAS.NS,,STEELCAS.NS,,,
STEELCITY.NS,,STEELCITY.NS,,,
STEELXIND.NS,STEELXIND.NS,,,,
STEL.NS,STEL.NS,,,,
STERTOOLS.NS,STERTOOLS.NS,,,,
,STLTECH.NS,,STLTECH.NS,,
STOVEKRAFT.NS,,STOVEKRAFT.NS,,,
STYLAMIND.NS,STYLAMIND.NS,,,,
STYLEBAAZA.NS,,,,,
STYRENIX.NS,,STYRENIX.NS,,,
SUBEXLTD.NS,SUBEXLTD.NS,,,,
,SUBROS.NS,,SUBROS.NS,,
SUDARSCHEM.NS,,SUDARSCHEM.NS,,,
SUKHJITS.NS,SUKHJITS.NS,,,,
SULA.NS,SULA.NS,,,,
SUMICHEM.NS,SUMICHEM.NS,,,,
,,SUMIT.NS,SUMIT.NS,,
SUMMITSEC.NS,SUMMITSEC.NS,,,,
,,SUNCLAY.NS,SUNCLAY.NS,,
SUNDARAM.NS,SUNDARAM.NS,,,,
,SUNDARMFIN.NS,,SUNDARMFIN.NS,,
SUNDARMHLD.NS,SUNDARMHLD.NS,,,,
,,SUNDRMBRAK.NS,SUNDRMBRAK.NS,,
SUNDRMFAST.NS,SUNDRMFAST.NS,,,,
SUNFLAG.NS,,SUNFLAG.NS,,,
,,SUNPHARMA.NS,SUNPHARMA.NS,,
SUNTECK.NS,SUNTECK.NS,,,,
SUNTV.NS,SUNTV.NS,,,,
,SUPERHOUSE.NS,,SUPERHOUSE.NS,,
,,SUPERSPIN.NS,SUPERSPIN.NS,,
SUPRAJIT.NS,SUPRAJIT.NS,,,,
SUPREMEENG.NS,,SUPREMEENG.NS,,,
,SUPREMEIND.NS,,SUPREMEIND.NS,,
,,SUPREMEINF.NS,SUPREMEINF.NS,SUPREMEINF.NS,
,,SUPRIYA.NS,SUPRIYA.NS,,
SURAJEST.NS,SURAJEST.NS,,,,
SURAJLTD.NS,,,,,
SURAKSHA.NS,,,,,
SURANASOL.NS,SURANASOL.NS,,,,
SURANAT&P.NS,SURANAT&P.NS,,,,
SURYALAXMI.NS,SURYALAXMI.NS,,,,
SURYAROSNI.NS,SURYAROSNI.NS,,,,
,SURYODAY.NS,,SURYODAY.NS,,
SUTLEJTEX.NS,SUTLEJTEX.NS,,,,
SUULD.NS,SUULD.NS,,,,
SUVEN.NS,SUVEN.NS,,,,
,,SUVENPHAR.NS,SUVENPHAR.NS,,
SUVIDHAA.NS,,SUVIDHAA.NS,,,
SUYOG.NS,,,,,
SUZLON.NS,SUZLON.NS,,,,
SVLL.NS,,SVLL.NS,,,
,SVPGLOB.NS,,SVPGLOB.NS,SVPGLOB.NS,
SWANENERGY.NS,SWANENERGY.NS,,,,
SWARAJENG.NS,,SWARAJENG.NS,,,
,SWELECTES.NS,,SWELECTES.NS,SWELECTES.NS,
SWIGGY.NS,,,,,
SWSOLAR.NS,SWSOLAR.NS,,,,
SYMPHONY.NS,SYMPHONY.NS,,,,
SYNCOMF.NS,SYNCOMF.NS,,,,
SYNGENE.NS,SYNGENE.NS,,,,
SYRMA.NS,,SYRMA.NS,,,
TAINWALCHM.NS,,TAINWALCHM.NS,,,
TAJGVK.NS,,TAJGVK.NS,,,
TAKE.NS,TAKE.NS,,,,
TALBROAUTO.NS,TALBROAUTO.NS,,,,
TANLA.NS,TANLA.NS,,,,
TARACHAND.NS,TARACHAND.NS,,,,
,,TARAPUR.NS,TARAPUR.NS,,
TARC.NS,TARC.NS,,,,
TARIL.NS,,TARIL.NS,,,
,TARMAT.NS,,TARMAT.NS,,
TARSONS.NS,TARSONS.NS,,,,
,TASTYBITE.NS,,TASTYBITE.NS,,
TATACHEM.NS,TATACHEM.NS,,,,
,TATACOMM.NS,,TATACOMM.NS,,
,TATACONSUM.NS,,TATACONSUM.NS,,
,TATAELXSI.NS,,TATAELXSI.NS,,
TATAINVEST.NS,TATAINVEST.NS,,,,
,TATAMOTORS.NS,,TATAMOTORS.NS,,
TATAPOWER.NS,TATAPOWER.NS,,,,
TATASTEEL.NS,TATASTEEL.NS,,,,TATASTEEL.NS
,TATATECH.NS,,TATATECH.NS,,
TATVA.NS,TATVA.NS,,,,
,TBOTEK.NS,,TBOTEK.NS,,
TBZ.NS,TBZ.NS,,,,
TCI.NS,,TCI.NS,,,
TCIEXP.NS,TCIEXP.NS,,,,
TCIFINANCE.NS,,TCIFINANCE.NS,,,
TCPLPACK.NS,,TCPLPACK.NS,,,TCPLPACK.NS
,TCS.NS,,TCS.NS,,
TDPOWERSYS.NS,TDPOWERSYS.NS,,,,
TEAMLEASE.NS,TEAMLEASE.NS,,,,
,,TECHM.NS,TECHM.NS,,
TECHNOE.NS,TECHNOE.NS,,,,
TECILCHEM.NS,,TECILCHEM.NS,,,
TEGA.NS,TEGA.NS,,,,
TEJASNET.NS,TEJASNET.NS,,,,
,,TEMBO.NS,TEMBO.NS,,
,,TERASOFT.NS,TERASOFT.NS,,
TEXINFRA.NS,TEXINFRA.NS,,,,
,TEXMOPIPES.NS,,TEXMOPIPES.NS,,
TEXRAIL.NS,TEXRAIL.NS,,,,
TFCILTD.NS,TFCILTD.NS,,,,
,TFL.NS,,TFL.NS,TFL.NS,
,TGBHOTELS.NS,,TGBHOTELS.NS,,
,THANGAMAYL.NS,,THANGAMAYL.NS,,
THEINVEST.NS,THEINVEST.NS,,,,
THEJO.NS,THEJO.NS,,,,
THEMISMED.NS,THEMISMED.NS,,,,
THERMAX.NS,THERMAX.NS,,,,
THOMASCOOK.NS,THOMASCOOK.NS,,,,
,,THOMASCOTT.NS,THOMASCOTT.NS,,
THYROCARE.NS,THYROCARE.NS,,,,
TI.NS,,TI.NS,,,
,,TICL.NS,TICL.NS,,
,TIIL.NS,,TIIL.NS,,
TIINDIA.NS,TIINDIA.NS,,,,
,TIJARIA.NS,,TIJARIA.NS,,
TIL.NS,TIL.NS,,,,
TIMESGTY.NS,,TIMESGTY.NS,,,
TIMETECHNO.NS,,TIMETECHNO.NS,,,
TIMKEN.NS,TIMKEN.NS,,,,
TIPSFILMS.NS,,TIPSFILMS.NS,,,
TIPSMUSIC.NS,TIPSMUSIC.NS,,,,
TIRUMALCHM.NS,TIRUMALCHM.NS,,,,
TIRUPATIFL.NS,,TIRUPATIFL.NS,,,
TITAGARH.NS,TITAGARH.NS,,,,
,TITAN.NS,,TITAN.NS,,
TMB.NS,TMB.NS,,,,
TNPETRO.NS,TNPETRO.NS,,,,
TNPL.NS,TNPL.NS,,,,
TNTELE.NS,TNTELE.NS,,,,
TOKYOPLAST.NS,TOKYOPLAST.NS,,,,
TOLINS.NS,,,,,
TORNTPHARM.NS,,TORNTPHARM.NS,,,
TORNTPOWER.NS,TORNTPOWER.NS,,,,
TOTAL.NS,TOTAL.NS,,,,
TOUCHWOOD.NS,TOUCHWOOD.NS,,,,
TPHQ.NS,,TPHQ.NS,,,
,TPLPLASTEH.NS,,TPLPLASTEH.NS,,
,TRACXN.NS,,TRACXN.NS,TRACXN.NS,
TRANSRAILL.NS,,,,,
TRANSWORLD.NS,,,,,
TREEHOUSE.NS,TREEHOUSE.NS,,,,
TREJHARA.NS,TREJHARA.NS,,,,
TREL.NS,TREL.NS,,,,
TRENT.NS,TRENT.NS,,,,
TRF.NS,TRF.NS,,,,
,TRIDENT.NS,,TRIDENT.NS,TRIDENT.NS,
,TRIGYN.NS,,TRIGYN.NS,,
TRITURBINE.NS,TRITURBINE.NS,,,,
TRIVENI.NS,TRIVENI.NS,,,,
TRU.NS,TRU.NS,,,,
TTKHLTCARE.NS,TTKHLTCARE.NS,,,,
,TTKPRESTIG.NS,,TTKPRESTIG.NS,,
,,TTL.NS,TTL.NS,,
,TTML.NS,,TTML.NS,,
,TVSELECT.NS,,TVSELECT.NS,,
TVSHLTD.NS,TVSHLTD.NS,,,,
,TVSMOTOR.NS,,TVSMOTOR.NS,,
TVSSCS.NS,TVSSCS.NS,,,,
TVSSRICHAK.NS,TVSSRICHAK.NS,,,,
TVTODAY.NS,TVTODAY.NS,,,,
TVVISION.NS,TVVISION.NS,,,TVVISION.NS,
,,UBL.NS,UBL.NS,UBL.NS,
UCAL.NS,UCAL.NS,,,,
UCOBANK.NS,UCOBANK.NS,,,,
,UDAICEMENT.NS,,UDAICEMENT.NS,,
,UDS.NS,,UDS.NS,,
UFLEX.NS,UFLEX.NS,,,,
UFO.NS,UFO.NS,,,,
UGARSUGAR.NS,UGARSUGAR.NS,,,,
UGROCAP.NS,UGROCAP.NS,,,,
UJJIVANSFB.NS,UJJIVANSFB.NS,,,,
,ULTRACEMCO.NS,,ULTRACEMCO.NS,,
,UMAEXPORTS.NS,,UMAEXPORTS.NS,,
UMANGDAIRY.NS,UMANGDAIRY.NS,,,,
,UMESLTD.NS,,UMESLTD.NS,,
UNICHEMLAB.NS,,UNICHEMLAB.NS,,,
,,UNIDT.NS,UNIDT.NS,,
UNIECOM.NS,,,,,
UNIENTER.NS,UNIENTER.NS,,,,
,UNIINFO.NS,,UNIINFO.NS,UNIINFO.NS,
,,,UNIMECH.NS,,
UNIONBANK.NS,UNIONBANK.NS,,,,
UNIPARTS.NS,UNIPARTS.NS,,,,
UNITDSPR.NS,,,,,
UNITECH.NS,UNITECH.NS,,,,
,,UNITEDPOLY.NS,UNITEDPOLY.NS,UNITEDPOLY.NS,
UNITEDTEA.NS,,UNITEDTEA.NS,,,
UNIVASTU.NS,,UNIVASTU.NS,,,
UNIVCABLES.NS,UNIVCABLES.NS,,,,
UNIVPHOTO.NS,UNIVPHOTO.NS,,,,
UNOMINDA.NS,UNOMINDA.NS,,,,
,,UPL.NS,UPL.NS,,
,URAVIDEF.NS,,URAVIDEF.NS,,
URJA.NS,URJA.NS,,,,
USHAMART.NS,USHAMART.NS,,,,
USK.NS,USK.NS,,,,
UTIAMC.NS,UTIAMC.NS,,,,
,UTKARSHBNK.NS,,UTKARSHBNK.NS,,
UTTAMSUGAR.NS,UTTAMSUGAR.NS,,,,
,,,UYFINCORP.NS,,
V2RETAIL.NS,,V2RETAIL.NS,,,
VADILALIND.NS,VADILALIND.NS,,,,
VAIBHAVGBL.NS,VAIBHAVGBL.NS,,,,
,VAISHALI.NS,,VAISHALI.NS,,
VAKRANGEE.NS,VAKRANGEE.NS,,,VAKRANGEE.NS,
,VALIANTLAB.NS,,VALIANTLAB.NS,,
,VALIANTORG.NS,,VALIANTORG.NS,,
,VARDHACRLC.NS,,VARDHACRLC.NS,,
,,VARDMNPOLY.NS,VARDMNPOLY.NS,,
VARROC.NS,VARROC.NS,,,,
VASCONEQ.NS,VASCONEQ.NS,,,,
,,VASWANI.NS,VASWANI.NS,,
VBL.NS,VBL.NS,,,,
VCL.NS,VCL.NS,,,,
VEDL.NS,VEDL.NS,,,,
VEEDOL.NS,VEEDOL.NS,,,,
VENKEYS.NS,VENKEYS.NS,,,,
VENTIVE.NS,,,,,
VENUSPIPES.NS,VENUSPIPES.NS,,,,
,VENUSREM.NS,,VENUSREM.NS,,
VERANDA.NS,VERANDA.NS,,,,
VERTOZ.NS,VERTOZ.NS,,,,
VESUVIUS.NS,VESUVIUS.NS,,,,
VETO.NS,VETO.NS,,,,
VGUARD.NS,VGUARD.NS,,,,
VHL.NS,VHL.NS,,,,
VHLTD.NS,VHLTD.NS,,,,
VIDHIING.NS,,VIDHIING.NS,,,
VIJAYA.NS,,VIJAYA.NS,,,
VIJIFIN.NS,VIJIFIN.NS,,,,
VIKASECO.NS,VIKASECO.NS,,,,
VIKASLIFE.NS,VIKASLIFE.NS,,,,
,,VIMTALABS.NS,VIMTALABS.NS,,
VINATIORGA.NS,VINATIORGA.NS,,,,
VINCOFE.NS,,,,,
VINDHYATEL.NS,VINDHYATEL.NS,,,,
VINEETLAB.NS,VINEETLAB.NS,,,,
VINNY.NS,VINNY.NS,,,,
VINYLINDIA.NS,VINYLINDIA.NS,,,,
,VIPCLOTHNG.NS,,VIPCLOTHNG.NS,,
VIPIND.NS,VIPIND.NS,,,,
VIPULLTD.NS,VIPULLTD.NS,,,,
VIRINCHI.NS,VIRINCHI.NS,,,,
,VISAKAIND.NS,,VISAKAIND.NS,,
,,VISASTEEL.NS,VISASTEEL.NS,VISASTEEL.NS,
,VISHNU.NS,,VISHNU.NS,,
VISHWARAJ.NS,VISHWARAJ.NS,,,,
VIVIDHA.NS,VIVIDHA.NS,,,,
VLEGOV.NS,,VLEGOV.NS,,VLEGOV.NS,
VLSFINANCE.NS,VLSFINANCE.NS,,,,
,VMART.NS,,VMART.NS,,
VMM.NS,,,,,
VOLTAMP.NS,VOLTAMP.NS,,,,
VOLTAS.NS,VOLTAS.NS,,,,
VPRPL.NS,VPRPL.NS,,,,
VRAJ.NS,,,,,
VRLLOG.NS,VRLLOG.NS,,,,
,VSSL.NS,,VSSL.NS,,
,VSTIND.NS,,VSTIND.NS,,
VSTL.NS,VSTL.NS,,,,
VSTTILLERS.NS,VSTTILLERS.NS,,,,
VTL.NS,VTL.NS,,,,
WAAREEENER.NS,,,,,
WABAG.NS,WABAG.NS,,,,
WALCHANNAG.NS,WALCHANNAG.NS,,,,
WANBURY.NS,,WANBURY.NS,,,
,,,WCIL.NS,,
WEALTH.NS,WEALTH.NS,,,,
,,WEBELSOLAR.NS,WEBELSOLAR.NS,,
WEIZMANIND.NS,WEIZMANIND.NS,,,,
WEL.NS,,WEL.NS,,,
WELCORP.NS,,WELCORP.NS,,,
WELENT.NS,,WELENT.NS,,,
WELINV.NS,WELINV.NS,,,,
WELSPUNLIV.NS,WELSPUNLIV.NS,,,,
WENDT.NS,WENDT.NS,,,,
,WESTLIFE.NS,,WESTLIFE.NS,,
,WEWIN.NS,,WEWIN.NS,,
WHEELS.NS,WHEELS.NS,,,,
WHIRLPOOL.NS,WHIRLPOOL.NS,,,,
WILLAMAGOR.NS,WILLAMAGOR.NS,,,,
WINDLAS.NS,,WINDLAS.NS,,,
WINDMACHIN.NS,,WINDMACHIN.NS,,,
,WINSOME.NS,,WINSOME.NS,WINSOME.NS,
,,WIPL.NS,WIPL.NS,,
,,WIPRO.NS,WIPRO.NS,,
,,WOCKPHARMA.NS,WOCKPHARMA.NS,,
WONDERLA.NS,WONDERLA.NS,,,,
WORTH.NS,,WORTH.NS,,,
WSI.NS,WSI.NS,,,,
WSTCSTPAPR.NS,WSTCSTPAPR.NS,,,,
XCHANGING.NS,XCHANGING.NS,,,,
,XELPMOC.NS,,XELPMOC.NS,,
XPROINDIA.NS,,XPROINDIA.NS,,,
XTGLOBAL.NS,,,,,
,,YAARI.NS,YAARI.NS,,
YASHO.NS,,YASHO.NS,,,
YATHARTH.NS,YATHARTH.NS,,,,
YATRA.NS,YATRA.NS,,,YATRA.NS,
,YESBANK.NS,,YESBANK.NS,,
YUKEN.NS,YUKEN.NS,,,,
ZAGGLE.NS,,ZAGGLE.NS,,,
ZEEL.NS,ZEEL.NS,,,,
,ZEELEARN.NS,,ZEELEARN.NS,,
ZEEMEDIA.NS,ZEEMEDIA.NS,,,,
,ZENITHEXPO.NS,,ZENITHEXPO.NS,,
ZENITHSTL.NS,ZENITHSTL.NS,,,,
,,ZENSARTECH.NS,ZENSARTECH.NS,,
ZENTEC.NS,,ZENTEC.NS,,,
ZFCVINDIA.NS,ZFCVINDIA.NS,,,,
,ZIMLAB.NS,,ZIMLAB.NS,,
,ZODIAC.NS,,ZODIAC.NS,,
ZODIACLOTH.NS,ZODIACLOTH.NS,,,,
ZOMATO.NS,ZOMATO.NS,,,,
,,ZOTA.NS,ZOTA.NS,,
ZUARI.NS,ZUARI.NS,,,,
ZUARIIND.NS,ZUARIIND.NS,,,,
ZYDUSLIFE.NS,ZYDUSLIFE.NS,,,,
ZYDUSWELL.NS,ZYDUSWELL.NS,,,,
